,25%_imd_quan,50%_imd_quan,75%_imd_quan,25%_ml_quan,50%_ml_quan,75%_ml_quan,label
0,104.53573734356684,105.23198642237138,105.92823550117592,91.72622413774047,96.968202023277,102.21017990881356,0
1,103.83948826476228,104.73311435889987,108.42688758209923,85.3805865351409,91.48432563939203,105.12969533083873,0
2,103.91794701179458,107.03820691079557,108.24157013752207,86.4246548906804,91.4495610615931,105.54879868612446,0
3,102.15782713295071,107.03820691079557,108.57907694075928,88.13063769847311,101.81059106573724,106.71252781584239,0
4,99.81366740342388,105.74847797290779,108.47057131032709,72.34004291690462,88.37577884618062,103.85773178405098,0
5,105.08025060214322,106.47129042160611,107.37016868066809,80.06053560339365,91.37704532221349,100.39535950782607,0
6,99.66339513348062,107.03820691079557,108.49783344842211,77.58038655806428,94.165379459121,106.0391486761464,0
7,107.03820691079557,108.4521379140107,109.18559956655497,30.15003621690934,42.81851688325937,64.91901510275008,0
8,104.29251944006765,108.4521379140107,108.86520502013818,84.5599194997904,101.15887181394993,105.53470943400711,0
9,103.91794701179458,106.38933857785854,107.03820691079557,67.89678045607052,72.96901264332482,89.76443229342323,0
10,99.84620601189127,103.91794701179458,107.86633934187209,86.45790676713928,104.83361659599905,107.05910677570417,0
11,102.8267744987128,105.9359117533973,107.03820691079557,97.9369344096201,101.65789593440971,103.83948826476228,0
12,98.30903641454563,105.21110384493232,107.5909152390349,81.82052759099409,86.72761257946108,102.2843918158912,0
13,102.11776756673315,104.56189201238371,108.68044529400407,91.47019863771685,101.28350151429072,105.26737124707753,0
14,105.06769408343716,108.08899045880987,108.70435613263786,61.213100247335504,72.5761679358148,92.91360827724412,0
15,108.58028539230932,108.68374250140963,108.78719961050994,95.51351315108192,99.7416350796052,103.96975700812847,0
16,103.8983323250365,107.95925774604396,108.78583969100931,99.71649373103408,105.73133422017578,107.34708394812321,0
17,104.23066835719422,107.77550108792215,108.57032596821014,82.12461165940061,90.20086603951955,107.0651524292984,0
18,102.15782713295071,107.56679719235711,108.75479057743695,85.94913598260396,102.62785919810949,107.5961712092876,0
19,102.9986576988565,107.03820691079557,108.25182933285033,75.42509664516004,100.22283095791832,104.33700020010292,0
20,103.91794701179458,107.03820691079557,108.42131129753965,86.31958107046707,102.84205815751164,106.12878538389229,0
21,99.60918189628977,106.4347814175805,108.48060879542943,90.43544461088511,103.91794701179458,105.26737124707753,0
22,99.77443802990773,106.29101317507116,107.69048888757048,81.1959962376334,88.76672985288832,103.91794701179458,0
23,105.32753565239075,107.20419442530385,108.89835622419393,84.90348448349559,103.1007522524875,105.95572202304419,0
24,106.65496918135351,108.31851952859107,108.73560672939914,88.19448000883048,104.41479985704827,107.54361065162956,0
25,105.23220854617449,108.39210673623273,108.93135072932824,100.75529724285309,101.72672547427075,106.90074224021261,0
26,99.85412868906535,107.87103952427775,107.87569641865453,85.26946432298851,102.49066254197042,102.76653926221692,0
27,106.43741083978777,107.03820691079557,108.40072128487564,73.53705394694974,87.52249455001284,91.71334439468411,0
28,107.42350095370136,107.82259243295701,108.37543702186163,91.61006393856809,101.81059106573724,104.6423022384871,0
29,102.11776756673315,107.03820691079557,108.33419377437835,86.24753259336143,94.53396896820468,103.91794701179458,0
30,102.11776756673315,105.12868390126157,108.85797704035174,69.35563377824462,92.93117487748331,103.33811571956954,0
31,102.85570085703313,104.94083223389919,107.23218216327086,83.08317002969908,90.75018726981938,101.89619897949443,0
32,107.03820691079557,108.64158379415535,109.30841257959241,89.4061067403085,105.48602605269653,107.0927368227934,0
33,103.91794701179458,104.32553068534722,106.46193377282164,100.49916625332901,104.38933543179748,105.0501848681649,0
34,107.402296692565,108.85429943311615,109.44141906118173,91.50548492940517,106.072943852509,108.67743572606238,0
35,104.1468644078457,106.43447104414324,108.30312059573583,77.16463603275474,95.70887994399675,106.99717142741844,0
36,99.90433863384567,107.03820691079557,108.4521379140107,71.99332324458089,90.96674175519223,104.6741463666362,0
37,106.12465537786395,107.87367905399336,108.41620859306857,89.19487933335346,98.20591070983687,105.52985480011674,0
38,102.02748298320746,107.03820691079557,108.39573630280512,87.6996125639786,89.16758770047548,91.69672760661784,0
39,103.91794701179458,107.03820691079557,108.60985729997861,86.39927172962469,91.01350922849964,103.91794701179458,0
40,103.83948826476228,105.23220854617449,107.91207137752052,67.77935302508976,86.43565274921957,102.9537318699352,0
41,107.03820691079557,107.03820691079557,107.43240707743571,70.14587900905724,88.68827110585602,101.99667987420791,0
42,101.5765366849673,106.63220806038616,108.53815269236534,86.40795054294092,103.2657716733979,106.22603017434754,0
43,87.56383676496489,95.74089188837974,105.31020021339371,52.68386831334203,73.87413768636414,92.06463911451922,0
44,103.409058090255,107.20864748717102,107.93151990702914,83.53106503739346,92.48034331836351,103.9615547656195,0
45,104.88793366863479,108.13589860131347,108.61008963203916,83.26078310806646,94.17436217189186,103.03328158418739,0
46,103.83948826476228,103.97519985567631,108.41059359167406,86.37379430765792,90.80656412014243,101.78167722149043,0
47,100.95595049911023,106.03564215219686,108.68694778729234,71.71323585972394,96.71944785729198,105.08299009709614,0
48,101.58659914927046,107.03820691079557,108.51090956515345,79.76048265718926,87.65936420086621,94.56117094626725,0
49,101.93294180624787,107.03820691079557,108.46602754271436,81.22748576046408,99.4982021032858,104.65388774687159,0
50,104.03991073430026,106.81528397318907,108.66896837231876,67.47883010591929,86.9741003733503,98.85063932015163,0
51,100.91203429049833,105.74979834304006,107.8262945718063,88.77312705427676,98.28476092049861,104.82142351916022,0
52,100.83973730551655,107.03820691079557,108.71750259805688,85.32401568630696,92.74541610953159,106.20774898710447,0
53,92.93117487748331,103.83948826476228,107.03820691079557,73.53705394694974,88.68827110585602,101.57133757407007,0
54,102.05846774023155,106.88242996769225,107.86715400340468,88.62159333908214,98.32449452020288,105.85651185512233,0
55,99.81366740342388,103.83948826476228,108.5790769407593,88.07360126991564,91.46104613155745,104.63671087812276,0
56,107.03820691079557,108.83676190244957,109.46064561301186,91.21452182444166,106.02433931665472,107.72563454568503,0
57,102.11776756673315,106.47603037197631,108.43001455838449,69.9417933889118,91.40586689235971,104.90331186770554,0
58,107.03820691079557,107.42350095370136,107.75457729404559,88.68827110585602,104.0941746599521,104.6876908737759,0
59,106.655507359927,108.63166879428917,109.1673100408491,89.53858013273107,104.49123430434969,107.40903047748543,0
60,105.82122713420074,108.28221907708013,108.83385751785787,101.97290850572186,106.80507281828878,107.4779195549439,0
61,101.74856187470276,107.32013242275013,107.85532281745544,90.2211565410313,95.66926414430597,105.16214787160763,0
62,103.87871763827843,107.03820691079557,108.48874584320225,89.20404075367327,93.94034402803963,104.57980813756787,0
63,102.11776756673315,103.91794701179458,103.97519985567631,99.58530028267865,99.78429685142177,101.04735490609889,0
64,102.11776756673315,106.33915252531777,108.54420742069846,88.51121633194514,90.38881816569217,105.25077949949309,0
65,103.83948826476228,107.03820691079557,108.65398431309322,86.48424625220392,91.3358376210271,104.83361659599905,0
66,103.85910295152036,105.47807696129507,108.5923844766887,71.8495330713973,87.5742014645526,102.94249434463246,0
67,91.17736074110317,105.86294889228574,107.43271999807831,73.36504960888325,89.40678159280839,104.75393309383541,0
68,103.83948826476228,107.03820691079557,108.57246315112377,71.63712285874256,88.76672985288832,104.44826603410331,0
69,105.01989082960544,107.03820691079557,107.03820691079557,88.76672985288832,97.58136261950462,104.63079130005914,0
70,99.90433863384567,107.03820691079557,107.85697441565166,81.07103287216256,88.68827110585602,101.869784238855,0
71,102.65802838786554,105.46985076383982,107.06191753846652,102.69376835478019,104.00330660309366,105.29957564463913,0
72,110.52274203134877,110.63250847836298,110.7422749253772,105.03182049771286,105.45732552925048,105.88283056078811,0
73,99.83807135977443,105.07931159361573,107.8441670809047,80.95772175451947,88.68827110585602,104.00064672097389,0
74,103.27395000032794,107.7091626811413,109.02793654474073,82.62359940775646,94.32659286099613,102.80818329086102,0
75,102.13779734984193,107.03820691079557,108.23855505844057,88.30318862394323,93.12285900169701,104.81033194139825,0
76,87.56383676496489,87.56383676496489,108.65398431309322,90.04683333272845,101.57269276747965,105.11333854028643,0
77,106.43914901071095,107.44284885115087,108.44555439612571,85.98677723366553,89.34625038703456,100.06784417491245,0
78,108.37577293634264,108.46008926037985,108.839865310949,90.97478806111022,101.27373540683601,102.03627584338145,0
79,96.33004533652645,107.86633934187209,108.39291979589383,88.96994040294788,95.64638440247717,104.83896270048108,0
80,103.44616779993046,107.03820691079557,108.07714467213104,84.56291105769316,87.57381345209541,88.13104227897571,0
81,101.03392744213325,105.71557460044833,107.03820691079557,67.74395348528222,73.05441583470478,87.00001966972566,0
82,99.80386006004484,106.13520772848503,107.2387651589687,41.56244709372366,67.66362671129062,82.13461694107735,0
83,92.93117487748331,104.08128555039211,107.03820691079557,77.34840454846685,89.87660090459143,105.11333854028643,0
84,105.47807696129507,108.08899045880987,108.92909136963982,76.6343232958583,91.4495610615931,104.91660695311536,0
85,103.49281452220286,108.25299053279636,108.83594010944104,98.01094828377649,104.53143869953993,106.49806857211685,0
86,100.9077407283329,106.12465537786395,107.83109233313787,74.08132025048624,87.81654253176683,99.4770997774046,0
87,103.91794701179458,107.03820691079557,108.38924655280044,78.29352151035968,89.13553079223514,102.06341007162307,0
88,98.03528200689207,103.91794701179458,107.9713787791368,70.3731374383126,89.67270075158919,101.2251370106305,0
89,104.46905133886604,107.3195360972181,108.77001238225031,91.44945480700568,106.94866693315481,108.0477019272378,0
90,105.83165563684346,108.26328350422432,108.70888338194104,89.64784418411121,99.53602557448406,101.52504864237892,0
91,103.83948826476228,104.6876908737759,108.08899045880987,102.47667847948715,104.47732899112002,106.60304808937713,0
92,107.11103773774309,108.43754299520599,108.94754222701343,82.7118389995154,107.00810682251893,107.1917272844202,0
93,105.83651695204655,108.39408734328137,108.84253458158025,89.49896836507926,103.37490074539517,106.32021541417373,0
94,106.11914033573495,107.03820691079557,108.87159195937238,86.6602202667128,101.55488375255588,103.83948826476228,0
95,106.12453534215737,107.2256221044773,108.18480654297585,45.41647463654176,54.41317979667242,70.39572941018469,0
96,99.91646498530167,103.87871763827843,107.03820691079557,75.72280714831776,85.32767369600745,95.07996924340213,0
97,103.91794701179458,107.03820691079557,107.03820691079557,46.907097159972906,86.47773047665699,103.91794701179458,0
98,106.46590751220604,108.65398431309322,108.9572785567428,91.7690118844304,104.32208367737948,106.69272722929135,0
99,108.56542912515894,109.05895885248813,109.61084231103942,86.19130734275257,104.61361067142657,106.9016360971183,0
100,107.46109517872743,108.61554070324375,109.06222835189428,87.10699642273703,91.68401740779888,103.96573555086329,0
101,106.47744839492003,108.39957923238474,108.73258058779197,89.29878146461408,103.70629467229121,107.22502706895476,0
102,98.14763562119877,102.36897761492236,107.4340237708992,76.41885314090953,95.35373440134737,105.12138068818238,0
103,108.79029013184575,108.9265959505983,109.06290176935084,70.67650398710622,83.32181441509823,95.96712484309023,0
104,105.35548039642771,107.76966253214226,109.10441604487625,91.25224228263494,105.11333854028643,107.74261214288936,0
105,107.03820691079557,108.4521379140107,108.90737478878019,91.42332240153127,103.91794701179458,104.6876908737759,0
106,104.9894390083908,108.40347044219237,108.83839966927658,83.91010530320625,100.23671857104918,105.35376193688046,0
107,104.39266528398586,107.03820691079557,108.12638054672567,90.69690590827744,103.83948826476228,106.3352588407163,0
108,99.8933580625815,107.03820691079557,108.18455299030967,61.993065189224694,67.81832170903822,87.68612972909911,0
109,103.83948826476228,107.03820691079557,108.75153731252304,67.77704655679071,102.55186678913327,104.91590309099811,0
110,104.49525490828057,107.45699380095147,108.19267827991854,82.75218136940669,96.57604693652041,104.92637276964169,0
111,101.6742820912184,107.46238419306465,108.52978860740431,70.73218514231428,86.52214768212613,102.7315821999161,0
112,105.17818069829639,107.03820691079557,107.85072817248872,69.20711380564249,101.7786451904122,103.83948826476228,0
113,100.01622551786211,107.03820691079557,108.47164562433431,75.61912684071362,89.48379794620394,103.79137400933664,0
114,103.9046570038585,107.84558403798843,108.83332262015054,88.82464057258059,103.95892891045602,106.50974201981776,0
115,102.97862791574772,107.8554151402331,108.83320301421296,99.98333974846595,105.00259099331623,108.0878378742011,0
116,95.64682323919315,103.83948826476228,106.3275898670746,89.42710894963005,92.3764874226031,100.51523586784816,0
117,104.52727452515282,106.60354807018886,108.8538560400584,78.57339034556719,92.16025892741736,106.30822984849769,0
118,103.91794701179458,107.09483999277116,108.60809958514821,88.2756825273423,103.35882473002587,106.49211015585878,0
119,99.9431244922463,106.29138052016987,107.64126426530049,30.239237819200017,61.491381926388996,76.61185931385127,0
120,106.2400114833746,107.03820691079557,108.09538747391865,86.20853817403996,92.61167248052352,104.66325512745051,0
121,103.91794701179458,104.52727452515282,106.2816817814133,66.71132642607564,83.1896975719283,102.90237903141156,0
122,103.85910295152036,105.47807696129507,108.09865516320693,89.38728473924002,96.6055255568314,104.58786121824144,0
123,103.82116714888521,104.76777417184928,107.86598734815324,90.24752255816887,106.48742061018275,106.68832506413902,0
124,105.17476030907164,107.42280354234003,108.45296937837972,91.05579169680878,99.79664995119245,104.39565984515247,0
125,92.88443795616323,96.4177567556645,101.89601385645369,66.26223698844748,84.56772296321847,88.86993791072457,0
126,96.78155570804023,101.87191344930397,105.62714657901782,67.41601067922687,91.7111173984921,108.20702186402266,0
127,105.35716688879933,108.16040337117883,108.76515122933476,85.17641136849348,103.4625823283472,106.00785062971848,0
128,106.87219185045265,108.08899045880987,108.86887823055886,90.84647722478095,101.72399663008625,106.77802088734276,0
129,103.19019378085105,106.66275031767381,107.66563982586788,92.01074371046859,102.28333814330824,103.9946571990946,0
130,107.03820691079557,107.88306511675397,108.90880156072448,87.52428211510856,104.61611046173167,106.09990121110775,0
131,99.90433863384567,107.03820691079557,107.95844411185733,85.54063073731996,92.80230703393582,104.53683342111688,0
132,92.86869319474789,103.83948826476228,108.12697317345192,75.15943510338533,95.60139494885503,104.99488470110285,0
133,103.98463869105383,107.42145607499054,108.84304278711991,70.66781621368773,89.61707119023811,103.8250640870698,0
134,105.87551493997239,108.02296125713849,108.76381312437869,86.15998101717338,89.82116444772844,105.30459445549346,0
135,95.67786791106113,105.9810632899727,107.86880224499433,85.62445368510288,90.24359604146548,102.98627061048866,0
136,92.80621151201247,103.91794701179458,105.11549733726888,63.42829731242472,86.41238453280113,90.93474394925114,0
137,104.6391679262706,107.70508418844341,108.58347860134272,88.89354452061832,90.75385736648136,101.9501159273225,0
138,106.59378113497532,108.38471787640697,109.76198629387736,101.18894472536762,104.48933322001598,108.41360793783251,0
139,102.92313005803338,105.49216871257582,107.2843954973813,84.91573120002596,89.47859495998128,90.87563876967651,0
140,103.91794701179458,106.44579863770012,108.75494477562829,74.43261448074055,91.82976219116209,105.2139209080995,0
141,105.27531988303082,108.48088794147525,109.07710458073268,63.14706899620633,75.97407229654586,99.97428692366407,0
142,100.52426231434507,107.43932340714184,108.65398431309322,74.98455252771906,88.9284050821436,104.24824403662149,0
143,99.87029227908464,103.8691141609605,108.41814520437848,70.41068575836842,90.37384292673417,101.04793188151992,0
144,104.76777417184928,107.03820691079557,109.8371145806359,81.47489741873088,88.46924552841772,91.44083451224193,0
145,105.08697462427305,108.29014060469233,108.78972175345436,97.41173970328865,105.98985927191583,106.74501378400126,0
146,108.65398431309322,109.15959917778568,109.35629609449752,91.88604161251482,103.03305236707236,106.78299833178305,0
147,104.10016322114716,107.68038333116252,108.08899045880987,99.72891579556959,106.6930671653709,107.78250729779685,0
148,102.52293797479919,105.23220854617449,107.2881504698875,96.77856199119466,100.62594910490603,101.17876827992134,0
149,93.70350112664687,103.83948826476228,107.8783965901369,89.27720441434823,105.26737124707752,107.36430323792521,0
150,102.95748455021865,106.7634768434153,107.92426378448464,86.4704526467483,102.701235126657,106.67887203927224,0
151,108.2500399625188,108.70381832161607,108.8798448171543,100.62977021256337,106.75029856186572,109.05129185800538,0
152,107.03820691079557,108.28797738911419,108.94427421754872,88.72750047937217,92.72381996653527,104.88897265405237,0
153,107.03820691079557,107.86228766632637,108.08899045880987,89.78267460729154,92.43129912712686,103.23726776832504,0
154,99.90433863384567,106.61840282008666,107.85887369137292,81.55200866329089,91.52084554644766,103.98779871203999,0
155,92.75788808234333,99.07113936120783,107.15630489062221,73.60283825720015,82.21896067029039,88.7310870775105,0
156,106.9267816947353,107.8284501449229,108.18457508394167,83.27012790084436,92.63690228670532,103.7351700178485,0
157,99.79436069469713,105.39143002350605,108.09378822014145,89.46452069960814,103.1687882558723,106.88158203970369,0
158,104.23066835719422,104.83361659599905,106.12465537786395,85.11917669750599,90.84428696392462,96.07450156607703,0
159,106.29680364741745,107.03820691079557,107.84092000915608,47.03114355299525,88.68827110585602,89.3234070023212,0
160,101.89616826312366,106.66337502904739,107.40908395855816,89.61633974042431,100.24790686166344,104.5076821624954,0
161,106.68281723013872,108.42470330819745,108.61399068214794,89.83912340274885,101.82398830853901,104.58316950310137,0
162,104.52428920598064,107.03820691079557,108.01174727150791,83.47261134665118,89.44962683070291,92.40134595669228,0
163,100.88812604157482,104.6876908737759,106.9471732889879,84.56101482825936,88.39870511217606,104.43094189973726,0
164,106.28249665948259,107.03820691079557,107.86633934187209,104.56189201238371,105.23730968233579,105.63987026099475,0
165,103.12307662582197,106.58275811816331,107.47953886281682,73.55782159987464,100.4131580303507,103.97675889156164,0
166,103.91794701179458,107.03820691079557,107.7177447618811,86.95217805027002,88.72750047937217,97.57444536582172,0
167,104.42968954718387,108.52410395330666,108.82124751033975,93.23063142394106,101.57269276747965,106.8746542233696,0
168,107.45462321753666,107.87103952427775,108.52952760723353,74.61992973250747,106.42134258175558,107.90821023301592,0
169,98.03528200689207,102.63529295619026,107.50398845696759,67.02455793498588,91.33326089916528,103.99510288959297,0
170,101.03106951989494,105.90299054132242,107.74006834818786,83.33607427393217,91.09217511026368,103.90225092887532,0
171,103.91794701179458,105.23220854617449,108.36380681164351,67.97038627111573,77.24480704425079,104.17305247036704,0
172,107.03820691079557,108.02646687068203,108.08899045880987,86.48424625220392,92.55015315811342,104.46234254509581,0
173,107.03820691079557,108.40579284208441,109.12759987446071,85.15883157175215,90.13853334199845,105.00175592797383,0
174,106.69900786999384,108.40437998197439,108.8902854265981,93.19501581472818,105.23601236657072,108.16567134153841,0
175,99.83807135977443,104.30281894278525,107.2452400185647,83.28306264185318,88.89088305143069,104.5022097389726,0
176,103.54680204249699,108.68447801033622,109.4072647001873,79.4623737039239,96.60926820469811,103.4909936666416,0
177,96.49532847246574,105.4778201461723,107.44446754164214,87.42677077117446,89.22361781040638,96.69509886657059,0
178,104.30363121830578,106.42891981717653,108.99299455300181,70.08499661927156,89.72257802585807,97.63523768471005,0
179,106.11948246716888,108.1114107472475,108.82252035406714,85.35346281438567,105.07469167282807,106.46017261239665,0
180,103.91794701179458,107.94267028102747,108.65398431309322,81.90377011322649,89.28243600522373,106.33417150353557,0
181,102.87335225487413,106.24626795665273,108.59443775440644,85.97032017264596,92.84543656876164,101.66246230300445,0
182,102.06009854691938,104.21585845999309,106.37161837306681,76.7560496630459,80.63907665444037,84.52210364583486,0
183,99.7231996581977,107.8415888977297,108.71067683588966,84.10540428023668,100.68611430143528,106.77338238115831,0
184,108.37531983497065,108.46716923844717,108.51954076114231,81.87217249335588,101.0225941629574,103.14270412995577,0
185,99.81366740342388,107.03820691079557,107.03820691079557,58.64965413038439,88.68827110585602,91.1284918649022,0
186,102.801648939438,105.70084628790775,108.26680130135603,91.22152122653226,98.48885906984032,103.20897732084157,0
187,100.0282157943516,107.82800141651441,108.80237921061115,86.03172271138317,91.03386219162526,105.22805099862904,0
188,105.16817044644378,107.03820691079557,107.95517540347853,88.70788579261409,96.0781533815285,103.83705045990322,0
189,106.72931680167113,107.74517241240314,108.60352271332258,87.38339184188159,102.49716137483611,104.8628801170879,0
190,105.35116899842062,107.03820691079557,107.81290084163723,89.56395291113151,91.24912096283234,105.60480433188651,0
191,100.82012261875848,104.76065373488748,108.860681630281,83.43976180365566,91.52043150564123,106.34427351182481,0
192,104.07390154673412,107.03820691079557,108.72351446276028,75.98871619737005,88.427274886827,106.7829385699667,0
193,103.46790215052923,106.65022177982212,108.63196490700506,86.87296465384702,100.37173282803158,105.24270259896778,0
194,107.03820691079557,108.09538747391865,108.78663411530042,87.66331497039194,88.76672985288832,104.43111996328815,0
195,104.1343016282083,106.70128539976946,108.74957961106352,85.70697920877583,103.3598402295485,105.39443754609223,0
196,103.90806525703766,107.75940114503709,108.73100066648877,86.92837413466484,101.24992858523864,106.43674134720952,0
197,100.33614362991487,106.7100849058138,108.7174195743973,81.68925630079278,86.98152548134311,103.3451851180447,0
198,99.78124235895227,104.91223585913843,107.49647856751405,99.8264552809657,103.42080811135048,105.13828294113267,0
199,104.00600639703453,106.63565013193114,109.29010224624308,86.43384754284162,90.9478974816194,105.54046610605744,0
200,104.1468644078457,107.9382378939392,108.8413204211578,64.93848840105841,90.31457832559266,104.85716582990645,0
201,99.8933580625815,107.03820691079557,108.11031896001755,87.53969301512495,92.93117487748331,105.17532411131111,0
202,107.32576904965725,108.09065046369605,108.40297932229923,89.46117892738076,103.34448631392327,105.06808020048828,0
203,103.91794701179458,105.49420980517566,107.82482296961089,67.99075793712106,82.18197928428691,92.24937276181988,0
204,103.41907298180939,104.36995354142388,108.11276281993902,83.84008445870523,93.54286029412353,106.06119104564095,0
205,102.13779734984193,106.36500935101519,107.88089254693357,88.68827110585602,101.15399293387732,104.81908581016557,0
206,103.91794701179458,107.03820691079557,108.5411877676482,71.7068536487554,88.99365434177952,106.12852957398268,0
207,103.91794701179458,108.35136029088024,108.80801701988432,89.36989921317006,103.80761628182071,107.42871402856302,0
208,105.59617473065055,107.78136819909238,108.63476250816848,86.60523224962141,90.32473415095973,103.8983323250365,0
209,107.22017539939753,107.84867494389376,108.64214985671839,73.2664931471171,97.77596916364216,107.18208948458124,0
210,106.2956763602106,107.42853914993383,108.32572310391672,93.41305940541255,103.69388467489836,104.35739939691032,0
211,107.66972866223826,108.65398431309322,108.98269145924714,86.75689338727639,99.03922741562397,105.86788556119068,0
212,104.73311435889987,108.57191228383746,109.955790469826,85.21907543529154,105.11814244216315,106.84972575435742,0
213,103.91794701179458,108.08899045880987,108.99409575990141,74.13404109245853,101.19610436157194,107.18665663652207,0
214,99.77609933593806,106.84585645156005,108.41357544215941,71.04737476660691,89.08829683092614,104.28475579407586,0
215,103.85910295152036,106.12465537786395,108.44428861628036,73.01205469000148,80.19160937992132,102.3762513483403,0
216,103.91794701179458,108.40572477563005,108.65398431309322,89.88492453243731,105.11333854028642,107.093447820411,0
217,104.25338009975619,107.8257779232244,108.81565671515551,87.58015243733523,103.91794701179458,105.28541290363802,0
218,109.16456446738992,109.37925789400347,109.46052970434758,106.37667046735164,108.24945810468164,108.80055167214243,0
219,106.41817512125883,108.56723313188706,108.94018913352781,102.40724958541675,106.19467449070608,108.03104065171665,0
220,105.05123251011919,107.94640310627706,109.14317004235679,94.9987419382838,103.75905165088622,106.59865011017013,0
221,104.58718863667673,107.03820691079557,107.63294667333031,71.70373842114844,83.98531446681602,88.68827110585602,0
222,105.87314540723956,108.26673431319543,108.82378481470045,35.15366243233181,68.78180702114038,94.65583346016571,0
223,104.27996116112584,107.80073500873242,108.57325059267416,85.54014466927859,100.29337215939879,104.07759899878721,0
224,105.25555558137233,107.03820691079557,108.58330478419572,88.68827110585602,103.11440325701152,105.42140395386863,0
225,103.91794701179458,106.32563287169366,108.4521379140107,88.68827110585602,104.90134388681454,106.71427295817587,0
226,91.7048640750183,96.05916744062864,100.41347080623896,72.57584709815156,78.39950917634386,84.22317125453615,0
227,100.46678982012818,105.90299054132242,107.47406540991368,59.088946855970796,71.93929543616466,80.89691895304031,0
228,106.66157450953007,108.49125531212205,108.84985892082938,99.07760491573971,104.63208064570748,107.11512427751656,0
229,105.68370813732976,107.83636461842018,108.59212947235896,87.19650502986039,102.94805427725873,105.26681090591345,0
230,103.91794701179458,108.39202206406233,108.93743097488021,86.46846393545465,95.6420406206782,105.04159821800462,0
231,103.91794701179458,107.03820691079557,108.54492724150933,77.44203773151447,85.91880356494089,101.97500326568017,0
232,99.85412868906535,108.85444721821514,109.04334272347445,88.52072736888357,106.58067736307024,108.07638393265339,0
233,103.42593715710973,107.03820691079557,108.4485037393471,70.36953242997348,83.9231535421774,102.37757453938922,0
234,104.6876908737759,106.58776780182933,108.03532549228741,88.68827110585602,99.72891579556959,101.83560123420065,0
235,104.7450624292873,107.03820691079557,108.08899045880987,86.35881044398323,88.68827110585602,101.84448761456197,0
236,103.91794701179458,107.03820691079557,107.882828555225,76.25157482781981,88.42059620486019,104.06071268509427,0
237,87.25547157652488,87.45415821362403,96.22953383279565,92.00526691301538,97.65837897290017,103.1561816429967,0
238,96.27017838688654,103.83948826476228,107.03820691079557,68.66063862562928,88.64196752912554,100.37904118387291,0
239,104.12635811931409,107.9739320750914,108.80368884798193,84.83578365562826,93.22118824551437,106.24539040349087,0
240,102.97862791574772,105.21110384493232,107.44751900959358,68.53453684889323,88.04619294143608,103.32623854047684,0
241,107.03820691079557,108.47170631161134,109.0383389027074,92.54985935439227,103.91794701179458,106.38176038224509,0
242,104.30281894278525,108.03532549228741,108.58599378810075,83.353372300291,89.45049943864448,105.88340770881504,0
243,104.83361659599905,107.50297441293708,108.55306111355196,77.58679693561676,99.33767416794515,106.32502226686528,0
244,103.83948826476228,105.09898512872974,108.3880433625843,91.87471380368252,99.14695916947237,106.34491792827737,0
245,103.91794701179458,107.7877092233727,108.29699580613044,86.18908951464803,90.33233692342299,104.70781773460686,0
246,107.82259243295701,108.65398431309322,108.65398431309322,89.44962683070291,101.75851832958125,104.65484725846242,0
247,103.85910295152036,107.03820691079557,108.50013337858584,69.93123725288477,88.76672985288832,104.94531872540668,0
248,102.9986576988565,107.03820691079557,107.95083241707975,79.12624281431329,90.79655058920304,96.15465385679322,0
249,104.49604958823394,107.03820691079557,108.36719733158957,84.78787501139492,88.68827110585602,99.81366740342388,0
250,105.17671477011638,107.03820691079557,107.9993811336183,84.2150136079673,89.62562424452916,104.68096549564822,0
251,102.46407128286427,104.27365299968457,108.35992668333895,19.98667269584574,47.171784198859086,71.24354238435534,0
252,105.50665718455667,108.39240435201663,109.47719867631707,88.494531155455,101.84448761456197,105.60268630277709,0
253,103.83948826476228,107.03820691079557,107.48572609132493,87.09435441347769,91.43279732930547,103.91794701179458,0
254,106.31096332371352,107.03820691079557,108.56626013514327,88.74711516613024,97.47480895722543,106.34796454169947,0
255,106.85997746633568,108.05597585797418,108.84205783731544,85.61903602153518,103.97469125094901,107.00125668801564,0
256,107.8262945718063,108.23221374033575,108.44507384466954,83.42039786198981,92.4322455502045,97.27473880363324,0
257,105.18907040621431,107.88226937046511,108.95811571043436,90.85031102905752,102.67167021110065,107.33447767077583,0
258,100.97190466303525,106.25801352848393,107.03820691079557,88.68827110585602,90.44018601487888,96.11157765768041,0
259,99.91552949796422,106.80177766862852,108.2734486066758,84.97211717795423,88.82356184952957,101.76832532636234,0
260,103.91794701179458,107.03820691079557,108.45969977896573,88.68827110585602,102.76798042262648,106.96639115742246,0
261,98.48190990311903,103.8543012128614,106.51448654837165,82.21410153664391,88.49992193931158,99.26325245540528,0
262,103.96793252034625,108.15879137165425,109.03344130770007,88.47104235312179,102.87862465553991,105.92254166882338,0
263,103.91794701179458,107.48572609132493,108.53902594700989,81.32095960310424,88.76672985288832,103.15234688075063,0
264,104.79571003233593,108.03659005743191,108.49478665590891,68.19129213279665,86.17935366692217,98.44517903096295,0
265,103.92971950493846,108.4054724660653,108.95558237728632,54.44251855969791,84.75429242783775,102.76976224693301,0
266,103.85910295152036,107.44751900959358,108.8566743384377,82.36447938887294,101.95269358167872,106.17948862788988,0
267,105.18044622371804,107.37908806354649,108.78913164899441,88.72750047937217,105.26737124707753,106.80919909569141,0
268,103.83948826476228,107.03820691079557,108.74879895710995,86.463606075531,99.5163631702747,105.8505816634642,0
269,101.896166152216,106.5972181115264,107.03820691079557,95.07953466761467,106.62562596513308,107.3747436054673,0
270,104.31288237320072,107.80691135215801,108.89894455027259,82.12461165940061,92.35841624886783,104.94046883852283,0
271,104.895793453256,107.8074001738845,108.79148381733516,86.35063984916238,100.00058376310736,105.53327926355874,0
272,106.26175761656506,108.08899045880987,108.70475159927608,46.57946210449955,60.89109528821267,70.45265396949732,0
273,103.91794701179458,106.55984566415827,107.03820691079557,18.125605137745797,58.31630763244562,81.1340119178239,0
274,104.23066835719422,107.8468826665334,108.8007893345492,90.54769881650599,105.95555160444628,107.76428412453933,0
275,104.83193828183194,107.27398469875628,108.66059955832092,82.53973653972741,103.31834202418437,106.71284637390147,0
276,105.30573211553022,107.85072817248872,108.7212162131887,63.86521785291671,78.96924643807814,91.8610547528405,0
277,103.91794701179458,107.85683110839159,108.57606772604564,86.39357502178214,103.91794701179458,106.15600390949747,0
278,99.70096320096644,106.10668533770124,108.76950884318654,68.37110186929556,84.90380965687405,105.03168638033614,0
279,101.88603785042997,107.42350095370136,108.74687580943387,79.63994617210395,98.00260849760252,106.23341566417156,0
280,101.17125397821677,104.50094466051323,106.05203033008105,69.21827008836632,78.1575397741305,92.03118671574863,0
281,104.88402847582144,106.8036996051367,107.5381930578923,89.75566611549294,101.21720183213353,104.17490231551717,0
282,104.69801198654483,108.05772866474595,108.32845100853898,44.00172046155218,70.39996003700351,102.59052672478377,0
283,103.91794701179458,106.25776870845083,108.6298596333929,89.37987875593242,104.12747007306858,106.09774147859417,0
284,101.78262948854574,105.22165619555341,108.56279329787151,85.1883118135738,97.86786400160909,106.13342135337136,0
285,102.0828491136682,107.03820691079557,108.63238419154857,80.54587227932743,99.55324779123512,105.11333854028643,0
286,103.9515143111139,107.92709844067974,108.72086366700196,79.8063076661387,104.13373704540888,106.78806914388045,0
287,106.27011450620721,107.95667579154657,108.65398431309322,76.79570083524435,103.45825150980372,107.11873774992152,0
288,102.11776756673315,107.03820691079557,108.52979862338807,86.69888643383523,88.76672985288832,93.46378752372237,0
289,103.8983323250365,106.79367759021818,108.47144127202884,83.33403872074882,89.10861464576641,94.03390454960754,0
290,96.30195990182702,105.5471348642283,107.10055958866076,105.20056646479651,105.42140395386863,106.62199819341282,0
291,105.21110384493232,107.87103952427775,108.4521379140107,91.44059856471,104.14608652949518,106.78930533221582,0
292,99.94777988877671,103.91794701179458,107.03820691079557,73.53705394694974,88.38550611821475,100.47942017243969,0
293,107.03820691079557,107.67864038892544,108.57458890151086,86.36608525455472,91.4193137140466,102.84293351925074,0
294,91.5619207115185,98.80943287562961,105.14720177309806,77.80018814809262,85.34548484822196,88.49445531669198,0
295,107.44978206754399,108.45549233616438,109.08687968979714,87.26205560365695,90.3539475502475,107.03797058139673,0
296,107.287188182558,108.2263986352267,108.76271243593712,91.01100618980172,104.03278238510923,106.87420090360848,0
297,99.80199981225195,105.8889575082859,108.10858780813669,103.89413794278508,106.58225119379603,107.91956449331563,0
298,107.03820691079557,108.30814882116606,108.65398431309322,88.68827110585602,104.61294382952802,107.50484284021664,0
299,106.46533297745883,107.03820691079557,108.4521379140107,71.87695644629812,88.68827110585602,105.67948185386766,0
300,103.99917336171396,104.0231468677516,105.82996193850494,95.74732137596615,102.06758691785599,104.84335806120893,0
301,106.48705933209644,107.45014865896984,107.92712651168797,61.67239618906295,89.77335871558955,104.6133625522501,0
302,103.91794701179458,107.03820691079557,108.65398431309322,86.69888643383523,91.40586689235971,104.6274915544508,0
303,107.57195181435449,108.79898521754606,109.04120891438363,74.48235210964647,94.88634363605956,105.91155379618684,0
304,95.67786791106113,105.47807696129507,108.19497867393338,88.74811905495505,93.59073873320975,102.30746969398062,0
305,103.91794701179458,105.1629599363423,107.160934857695,37.28658958095433,73.00897057954542,106.02143983568311,0
306,105.35750002152412,108.27601657151823,109.13358409834194,86.26729414714387,106.37125711404322,106.98990285881732,0
307,100.68143229778751,106.82126116907347,108.77078973254947,66.90782113000654,97.01873711289235,106.27887737024936,0
308,100.58549633035828,106.47566887229375,107.88095454577697,67.93481925972392,88.76672985288832,104.65603233871133,0
309,99.80050329228861,105.10022183563859,108.57371970007878,72.6153972392811,86.9154630625581,102.19844361811978,0
310,107.97861361625272,108.42712989121176,108.54669590408682,102.3821666780525,105.21718798922132,106.28220683977041,0
311,104.08802034757147,106.63536474646939,108.58046315914036,76.6555880455345,85.73185479625556,91.57242018377626,0
312,102.91007422612192,105.94411617144243,108.46609890991758,84.11560192756146,102.04096492571358,107.2021522646852,0
313,100.88812604157482,107.03820691079557,109.10066033057393,82.84086105222646,89.39855350595286,106.68711244442198,0
314,103.91794701179458,106.61791066419023,108.37468589350593,87.4076760177154,104.18804312573195,105.91379296651147,0
315,106.74145349816581,108.4521379140107,108.80801701988432,86.544626081497,103.91794701179458,104.75630380053585,0
316,87.56383676496489,103.83948826476228,107.04319884167263,69.77982018057926,89.72379809222447,103.8663772186783,0
317,103.47791704208362,106.73891206124479,107.19136068586737,85.8274050904547,96.41785882007213,104.32283570829404,0
318,100.42411129215614,103.49572186447489,106.07496423102606,90.66042344313666,96.44102533320276,102.02000704361754,0
319,103.01785728926387,107.03820691079557,108.3450752077583,73.7512012307059,88.37299195021515,102.26898403882907,0
320,84.56517326926866,104.51473645416317,105.75410338653808,103.91313132587717,105.57066747054105,107.24666649638286,0
321,99.78756090373042,105.23220854617449,108.37148738595155,87.85011309353939,99.5163631702747,105.53736186914745,0
322,107.84228338346881,108.89557887366134,109.34059962559192,91.61773788702067,104.24946685617361,108.33617029261637,0
323,107.03820691079557,107.88011821184558,108.72940792233445,88.68827110585602,93.35905932203538,104.63113921674393,0
324,107.874784130892,108.65398431309322,108.65398431309322,90.39347333310675,101.67843503150789,104.65576899845277,0
325,99.8282640163954,107.32468988131019,108.55959996672644,72.39271131462323,88.66630152299952,102.66397541389685,0
326,106.19137320946338,107.03820691079557,108.39576543333146,81.1340119178239,87.56885112419559,106.93114473521257,0
327,100.97996543640215,104.98266145253717,107.163602266957,71.80624648880672,91.95445669336837,101.21210064874431,0
328,106.560299987328,107.45760849125408,108.14964604742025,77.7346985732287,90.30291352995047,99.45710384547687,0
329,108.22489658948662,108.6093532754851,108.63324330106923,86.72820160501284,105.15691383108374,106.93236611807642,0
330,106.14537220293198,108.76399757774875,109.18406690008212,91.15929879922149,106.16394740764238,108.6384199106087,0
331,106.0108171898253,107.56359868480271,108.6996787104323,88.59727049105821,103.25873468461143,106.75559999336045,0
332,106.26518781168569,107.86225108832488,108.53512444271351,64.80322770059776,85.81450839390283,105.22741553094839,0
333,99.81032202089949,103.83948826476228,107.03820691079557,29.7746018012674,64.57056219618177,72.96443899079429,0
334,103.96063468558636,107.0309053841033,108.10977895435144,85.40324629427249,89.37634621696407,104.92081888215527,0
335,98.3853315711228,103.91794701179458,106.86249786920959,46.524002694557424,79.0941651143896,86.55746963442391,0
336,102.85430904221609,105.47807696129507,107.44347640402341,86.74224493964876,87.77242022442307,89.69123478371618,0
337,102.15782713295071,104.6876908737759,107.7504569813232,88.13063769847311,88.47005990334098,97.5304493725862,0
338,106.96518011725303,108.4521379140107,108.8128052804835,94.56895960482655,106.4678221976273,107.86242687450748,0
339,107.03820691079557,107.5367662015415,108.4119235733117,84.44733173941579,96.95414104733479,104.79489912487644,0
340,92.93117487748331,103.83948826476228,107.03820691079557,86.35881044398323,91.98824188807914,103.90181442198636,0
341,99.90433863384567,107.7877092233727,108.78665713119216,82.65117588672213,89.00118746909266,101.60666171436237,0
342,92.77969008833352,105.47169943938974,107.67298428808465,74.35627611923911,94.05649111292217,105.60129339302472,0
343,99.77443802990773,104.20624891586296,104.83361659599905,102.50727130795019,104.6876908737759,105.26737124707753,0
344,103.02400092411969,107.50465247565096,108.77141304023108,94.72512494551634,103.89245590157199,106.7932971875999,0
345,99.85116406908386,104.59801702187315,107.39367749819164,80.97274630079701,95.24659351694083,103.72214128774507,0
346,87.45415821362403,92.80621151201247,105.4778201461723,88.68827110585602,89.17169195410877,105.26737124707753,0
347,101.52055462394226,107.56359868480271,108.86634069679418,82.88803046176953,103.65428667023272,107.73430058409286,0
348,108.2565101968901,108.62980985814431,109.65210208841211,86.4172483727318,106.29119240877779,108.20860240347496,0
349,102.15782713295071,105.23220854617449,108.37693576573659,81.36506097801055,95.08599564525956,105.07717240715476,0
350,104.11541469249765,105.71054406513477,108.60521544523829,89.14166455279597,100.74301439750839,103.51237486663481,0
351,99.81366740342388,104.54176515155275,107.87103952427775,49.65437973043731,83.30951151651747,89.55928246614987,0
352,106.59150774309067,108.08899045880987,109.01691434286207,89.62700209425418,97.63713941376548,104.64224044871759,0
353,103.04648371120473,107.03820691079557,108.57305890552806,90.33218627798165,99.33523185136157,106.53828068345533,0
354,107.30090279779914,108.69846333392906,108.82954266483182,95.1161404595474,105.71716110076177,108.59142382246279,0
355,100.75288188949709,108.57458890151086,108.73552251987996,68.29100970733181,90.12431585777328,99.53913829045118,0
356,99.84620601189127,107.86564546686905,108.02296125713849,104.28178696122484,105.11333854028642,107.39958489253628,0
357,105.9359117533973,108.02646687068203,108.47630614671603,89.56185032335387,99.47630360405714,108.12229345234742,0
358,106.81033388227172,108.08899045880987,108.27224139748714,100.62212648146405,102.25872766161454,105.21503336805381,0
359,108.41401967767575,108.65398431309322,109.46614654655649,88.07841097261998,105.1444169149767,107.0089487581523,0
360,107.03820691079557,107.03820691079557,108.65398431309322,67.87971504069395,90.82329990889127,103.91794701179458,0
361,102.83701985256995,106.53459802628885,108.30362648741938,75.75650047076,103.1011123528415,106.30110067778185,0
362,107.03820691079557,107.87575733326689,109.1165102281171,82.92826371569699,99.99309389688237,105.06973571932186,0
363,104.79797362319653,107.03820691079557,108.50517483896144,88.68827110585602,104.046098617121,106.05320065125258,0
364,101.01105310028942,107.03820691079557,108.2830010970199,85.02666604193328,97.42381134480775,103.69453629734497,0
365,101.87989895888997,106.16786356719136,107.09577306077018,79.97206943834016,91.9216473295772,103.616192142492,0
366,106.58569302359562,107.84609561194439,109.24384863951585,101.33762817620482,104.4801765943451,105.25858057185177,0
367,97.2461825622098,107.03820691079557,107.56359868480271,51.95897350589729,103.91794701179458,104.51564277604051,0
368,101.55034784516857,104.73096858860734,107.4944260235319,67.71035406241731,78.83770591475817,88.41817162380501,0
369,108.64012543560938,108.99784832953651,109.84799212441945,107.11323256216357,108.25399330032926,108.69733935307706,0
370,104.47994070401123,106.6383126051176,108.62640175645859,54.148188246014215,72.5582608381181,80.07067407197877,0
371,105.12991307572673,107.03820691079557,108.48868655969818,88.72750047937217,103.04267191343314,105.47441495809483,0
372,103.91794701179458,106.87038800338935,107.39880738195403,88.62704953121525,97.622677578561,105.61922585142732,0
373,99.93258743609765,105.21110384493232,108.08899045880987,89.41010220140825,99.05163907257172,105.18607137048538,0
374,107.03820691079557,108.29014060469233,108.53226184622507,88.76672985288832,103.2325779619384,105.24312334037653,0
375,106.13530234419964,108.48805986008355,108.59580584339788,89.36034883753044,103.53187089302837,104.15335259485815,0
376,109.32626292637006,109.4710803868408,109.49894230014408,105.54330823009956,106.43279013080986,107.16401081026153,0
377,106.79692088014754,108.5850159592614,109.13475462816136,89.47383121223035,104.90635218598095,107.09906195232537,0
378,106.60570629481809,108.82262933104201,109.10776501089477,100.45683219846654,105.26379635944785,106.11836933111174,0
379,104.13206611456626,105.90631516683843,107.32717744297491,72.82165269021807,93.51749394385317,101.75291951845651,0
380,91.53602133546448,98.42456094463896,103.94424697578384,61.87026852053449,77.20669469880755,90.88700077417377,0
381,101.05657722736244,105.86294889228574,108.14471045964089,88.26294599700294,93.55761404654237,100.87279503716024,0
382,95.79927504548925,104.54176515155275,106.50391656869559,93.10555264284086,99.55088501896893,103.7919233874575,0
383,104.91265959762522,106.52112809127641,108.1744243230265,84.69153248215001,94.49163554119167,105.04493722165962,0
384,100.95843299367137,105.50670338323593,107.03820691079557,94.53488259980959,103.91794701179458,104.13788246059158,0
385,107.03820691079557,107.03820691079557,108.57709709339429,67.81832170903822,88.68827110585602,100.04911907624583,0
386,104.20491219805744,106.38933857785854,108.04203460631962,81.45306824837391,84.0478747062777,89.83197822247718,0
387,108.2500399625188,108.75929320805132,109.05218759353662,93.55763545557137,103.40551122957251,104.97463656711327,0
388,100.4200384084823,104.23066835719422,107.8262945718063,86.81659727963651,88.44131350519449,92.30788561492636,0
389,106.60707726325431,107.87834249143133,108.80801701988432,89.44234175197317,103.90044125083723,107.64197286774493,0
390,102.9986576988565,107.03820691079557,107.83224656264414,94.25096925463995,102.27582580838315,105.5814404498172,0
391,98.02948056604802,103.03095803403562,106.35857177329336,55.02583297376158,86.05018492756534,106.79451885813532,0
392,102.13779734984193,102.15782713295071,104.59801702187315,87.72155741460583,88.68827110585602,94.3406825013692,0
393,92.62056154625981,100.27120460038273,107.90396015230407,83.42024086769848,87.44265583857916,94.13440468540364,0
394,107.26615443511338,108.33350921342395,108.7901839420996,55.20780767230642,85.38984746752776,100.64647314447295,0
395,99.77057538981293,105.69803433979186,107.68968292581854,66.49730517175684,81.4610949593503,92.56159216419198,0
396,104.5262499854758,107.68748224875091,109.04181262956614,92.74786868418128,106.2795667226531,108.02173678595433,0
397,103.8983323250365,105.9359117533973,108.37907674995438,72.40483003840923,79.58400913411205,89.6526175098876,0
398,102.11776756673315,108.29262149382585,109.18824036195855,86.80552446161369,105.11333854028642,108.67485724519786,0
399,102.15782713295071,106.21520432080555,108.53109339888088,81.32095960310424,100.96605569850041,107.52413273420328,0
400,106.55244370560136,108.08899045880987,108.9912225399427,88.71175494259029,101.93736526387931,106.84399944974388,0
401,105.15988297885178,107.03820691079557,108.92746729481442,87.76208731761038,92.9132583859317,104.97696817612771,0
402,102.91362884064964,108.3517387903511,109.17033903493268,93.03666524696402,104.30680070838366,106.47306836822958,0
403,92.38186873314926,92.38186873314926,92.38186873314926,46.41212897128983,46.41212897128983,46.41212897128983,0
404,92.93117487748331,99.81366740342388,105.49348645563589,88.51121633194514,91.62661771664507,103.45618534645162,0
405,105.5471348642283,107.37018193981214,108.43786136191113,86.47773047665699,91.12154583614858,104.86904559222056,0
406,105.5306768892736,107.03820691079557,108.50201683452002,69.8469134510139,88.76672985288832,98.64137812671753,0
407,107.08456687425601,108.31599743276115,108.78448239239333,88.33338715777208,90.03064075437466,95.40174149834249,0
408,107.84055653052305,108.4521379140107,108.95106619909596,86.47773047665699,103.97200949403936,107.71562664595409,0
409,102.9986576988565,106.4513719086233,108.30172210196976,71.13660128445673,89.62535905095795,105.87897232889627,0
410,103.85910295152036,104.6247914430798,108.42800479097096,89.80071490200069,102.97862791574772,106.4156002073874,0
411,106.82350505369823,107.88226937046511,108.6113413752988,77.6419954587711,102.76755090651851,105.6717800517749,0
412,106.59662691353634,107.84753387603176,108.5159893253643,77.33426055812733,90.97544102709948,104.10959430242038,0
413,103.91794701179458,107.03820691079557,108.68524867445663,67.8183217090382,87.93160373139958,102.39778723043723,0
414,105.16796570497213,108.49222584666093,108.80801701988432,71.53616505833334,84.68374924682969,90.35424254794405,0
415,103.409058090255,108.4521379140107,108.79406165935563,85.85806707306384,89.9890633613966,104.93352565064163,0
416,104.7277325228126,107.03820691079557,108.54357730105828,88.33540631523131,103.83948826476228,105.46713683607948,0
417,99.90433863384567,107.03820691079557,108.65398431309322,95.60139494885503,103.91794701179458,106.82287358212194,0
418,104.34038521050007,107.84656381456051,108.45465373062595,88.07783312221301,102.72116482634206,105.93130225805427,0
419,103.91794701179458,107.37908806354649,108.35437778854974,86.10794426670793,90.9829164000366,103.95282993655653,0
420,102.82847269823756,108.16916970160914,108.50619822807715,85.7715469811769,98.44393506214794,104.01448773588314,0
421,105.83650953193087,107.86229775618335,108.30132313677332,88.13176574817322,104.39334109671498,107.82812714139318,0
422,105.21715127333381,107.48572609132493,108.47894421393264,95.65457033949632,102.80420614915657,105.94595536417201,0
423,105.7806732528151,106.56492853800032,106.69467896180338,90.60438552504837,98.56877594855823,102.7220629632819,0
424,99.80811958657517,104.10016322114716,108.84582696513098,88.01648347532097,97.4640612020204,106.55409227834859,0
425,99.87639340480075,105.09715922839317,108.17977732261008,88.55651096112605,99.87923366145552,106.68114620475855,0
426,103.83948826476228,108.57191228383746,108.84090487954501,86.39357502178214,102.8065065758082,107.48826972687463,0
427,103.15603147767226,107.16045350342677,108.52744930996074,81.2568165383006,95.39451013565856,105.81045959434945,0
428,103.85910295152036,106.78307387688318,108.19980764859754,85.69348019304144,87.663320276335,103.39270923816618,0
429,103.91794701179458,107.03820691079557,108.24128654391737,80.83826169998922,88.8537899326816,99.39334816886243,0
430,100.8641412618671,105.90299054132242,108.6093532754851,83.33607427393217,91.24200580282815,101.57278096917116,0
431,104.96786800384965,107.81410792069673,108.4565007666024,95.82077012386856,103.8691141609605,106.05187991913814,0
432,99.90433863384567,102.94854257120787,107.35181055655313,79.32457817570848,86.35877228622674,98.62462201312634,0
433,103.8983323250365,107.34004887391988,108.35598503899988,85.92085856099408,100.89197693968903,105.25207547773456,0
434,100.02069620904754,107.03820691079557,108.72227635386538,91.87044893457649,99.95592866751142,104.37817392882559,0
435,103.91794701179458,107.03820691079557,108.50930150755426,87.00001966972566,100.44389380475977,105.12395181091183,0
436,92.88443795616323,105.24102715312347,107.49852382475777,88.30826729309884,91.9800869276371,104.01714914881686,0
437,102.11776756673315,107.7410565975172,108.2816676676633,90.80565183571369,102.86218545784489,106.77856350242345,0
438,99.76254602664035,107.79961723833244,108.52917768740602,82.57518704923133,91.67371299292114,97.4532316147971,0
439,102.51238562417811,105.21110384493232,106.89916386511442,82.84796479010168,93.07104603194956,96.1705359295228,0
440,104.60469919994793,107.25751343919308,108.17977732261008,85.43148811469263,102.46753498207372,106.98023233193392,0
441,103.67498805645383,106.34966488734942,107.44446754164214,83.42965354825027,101.72385851663186,105.01761550681597,0
442,87.56383676496489,102.07796992873115,105.38476417469818,63.57530168604261,80.71028838182826,89.47157337154727,0
443,103.87871763827843,107.8385623395839,108.77163090652725,86.75257960109406,104.41095099932643,106.96016046943188,0
444,107.85618614346065,108.83895910035083,109.28098150294826,102.0904328943286,106.52377165167708,108.21803908398097,0
445,98.02948056604802,103.68446548894153,108.08899045880987,77.33132014342291,90.49217361050586,99.25534976530643,0
446,103.56148187205739,108.17217918660742,108.63346630577928,90.7110822786291,98.41163021420576,104.9358037899835,0
447,106.23852724928724,107.03820691079557,107.52560478150846,66.51620332939201,88.68827110585602,93.39072709085661,0
448,105.035016947352,108.33091314267452,108.82615141135261,89.7230444409706,104.65014475935683,106.68359890436204,0
449,103.87341616249078,107.03820691079557,108.43653069215408,83.97825710664063,103.75494754745955,107.02364231713224,0
450,103.87871763827843,107.03820691079557,108.08899045880987,78.53009851647141,88.80696812352012,101.7906710726376,0
451,103.91794701179458,107.03820691079557,107.8357584243527,61.183949130166084,86.65213913480778,91.04316904697419,0
452,104.38489284188717,108.24739165044714,108.68044529400407,78.1436472759079,100.35904610240567,107.09069502925217,0
453,99.8441027587544,106.23077613231152,108.12245497410623,81.14230727709278,89.67536060351237,94.03631481293272,0
454,92.80621151201247,107.87103952427775,108.57421321462874,85.37812210631337,101.82436075373104,107.63128002140223,0
455,96.33004533652645,107.61814777783518,108.70549742819713,79.41157203890913,90.82492389083251,106.00510885632927,0
456,101.00201657242098,104.70781773460686,106.29267088751193,67.53048629617393,87.99200826236111,105.46923578249583,0
457,99.8501673504783,103.91794701179458,105.03291257108677,77.83702470196923,84.59887714257395,97.62329933914725,0
458,106.4055060186003,108.5318910316441,108.65398431309322,104.05891501435546,104.658544739618,106.59584468618459,0
459,100.36027041411408,105.36950251834773,107.86063989428595,77.13461285390946,95.03792427464435,104.81449065816346,0
460,105.47807696129507,108.34196087875435,108.6925570566393,84.284332749546,99.91901612517393,104.85184417855491,0
461,104.6876908737759,108.34662243220882,108.87372663779898,88.86335486632419,103.70539448872833,105.94157064515593,0
462,105.72276014758187,107.85683110839159,108.88665531182666,80.19913003109765,90.9638132905714,104.26171910375278,0
463,103.91794701179458,107.03820691079557,108.38384341956272,71.26602829785232,87.34506127694848,92.82080738672501,0
464,106.70839268928253,108.50095424936933,109.0024833269995,86.99921735513934,100.493928619989,106.247727696955,0
465,101.97144998294564,107.86209040714411,108.19291295400228,85.92400379288668,101.97028647595418,103.82071146043842,0
466,108.03532549228741,108.77408549163025,109.3649914685347,82.2515995543607,85.23263514967931,93.82419164332894,0
467,103.83948826476228,107.03820691079557,108.40163725018773,64.62086136827395,88.63617969741598,105.39430130572373,0
468,106.56492853800032,108.65398431309322,108.80801701988432,61.36917487840003,93.36898029002175,107.84636030883028,0
469,106.56845803573506,108.02646687068203,108.73100066648877,82.16756045177803,103.91794701179458,105.9852354053825,0
470,103.90734406021929,108.02646687068203,108.84850139132593,85.8070758647408,101.71127135534024,105.53522351450796,0
471,103.98508161043321,107.88874218937029,108.74043050898612,75.92167457561052,86.61454859465395,104.03498573806372,0
472,105.21184118349377,106.72191546020187,108.15229368864588,91.30352052739428,95.45375712180692,99.63273761816723,0
473,106.19912990086006,108.5903656318508,108.93035558510456,63.15156131851744,83.3538783972472,102.70011086671644,0
474,98.42456094463896,107.03820691079557,107.94852333310403,78.93393744297626,88.68827110585602,89.77106214314921,0
475,103.8983323250365,107.37311183044861,108.00322186971664,86.45669161293827,87.98017896624759,94.2873821188484,0
476,107.43099350196795,108.70868514768472,108.85424576496769,78.37113757823703,99.7696016411949,107.56594421368766,0
477,97.95571773585522,105.47807696129507,108.23023892238072,81.42847511916578,104.24951785281519,105.54804117205681,0
478,108.61426526683735,109.68888306142588,110.12908472640106,83.71890094706038,104.42387086683992,107.76335961789165,0
479,99.72891579556959,104.24962162891163,107.87701007171259,87.80899363542967,99.81366740342388,105.11333854028643,0
480,108.47491734606689,108.85444721821514,109.38634240283893,91.74560922017824,101.47411040494738,103.18801365379292,0
481,106.1837645386027,108.52804081244312,108.7755483406294,95.07565571271698,103.70182975102897,105.88534291529754,0
482,107.96761871771194,108.40539088340618,108.70025690423012,71.73982890196002,94.29116496803076,104.36390185418202,0
483,104.0764111747992,105.69824469397363,108.51637798211814,66.31556543101836,79.10105605404203,93.76585347961112,0
484,108.08899045880987,108.08899045880987,108.08899045880987,91.68082903997583,91.68082903997583,91.68082903997583,0
485,92.93117487748331,92.93117487748331,92.93117487748331,67.30156201010018,67.30156201010018,67.30156201010018,0
486,92.70012581729667,99.72891579556959,103.91794701179458,0.0,0.0,46.0294252330132,0
487,108.06604551461751,108.77353421595456,109.12908892787804,66.28713641471943,79.91163724701678,91.14898679477733,0
488,105.66787961139813,107.03820691079557,108.18357198460802,88.68827110585602,89.85001570425135,99.04798418136473,0
489,100.05948206744817,107.53013898147982,108.72940792233445,101.69726422016019,105.67439511984428,107.4876558026599,0
490,105.65249719621025,108.25490172621986,108.83583818196013,35.15040784746307,85.53205147978476,99.45583193678365,0
491,103.49572186447489,107.03820691079557,108.62543075266971,95.19276766300811,103.91794701179458,105.66668015409675,0
492,104.28311478908626,107.65799077992926,108.84457637801994,87.59759599310934,100.09243364232688,106.4407560427097,0
493,99.77610043619794,105.47807696129507,107.13453042152202,88.70181202379409,90.11388799222289,94.91262741043747,0
494,105.44812803031587,106.27915405124594,107.44876650659769,83.78134345276835,97.7164231811111,106.5168511378511,0
495,92.85340060381672,98.35624049822546,103.8590803926342,90.32960413081803,94.30705340850545,98.2845026861929,0
496,107.84885973475177,107.84885973475177,107.84885973475177,107.85124625003041,107.85124625003041,107.85124625003041,0
497,99.83807135977443,105.89147604872706,108.48337770885661,80.18761007548463,100.3880698251379,103.25153977517678,0
498,107.24603639113154,107.45386587146751,107.6616953518035,58.755704738439206,74.69289259361905,90.63008044879888,0
499,106.47660490672352,108.08899045880987,108.4521379140107,86.80473597200233,103.37696751528867,106.33335270174717,0
500,104.54176515155275,107.85536932747459,108.80229653214127,91.61006393856809,104.20448061861656,106.94822844890453,0
501,102.01353439561221,106.37145053880037,108.40536604899341,79.31054245876027,95.69715182702748,105.65451808175821,0
502,99.95284403966971,105.46236258767759,108.08899045880987,89.3757387377264,92.90544435851615,105.11333854028643,0
503,103.87871763827843,107.707116463358,108.73100066648877,83.66114179471195,103.18801991239081,104.89215557156287,0
504,103.83948826476228,107.03820691079557,108.80801701988432,84.60569489473568,92.72169404892944,104.30718297296487,0
505,104.99862594001539,107.87948431329764,108.33167621916984,83.87426101240524,86.48252127161464,96.10353335842905,0
506,105.11549733726888,108.02646687068203,108.75153731252304,87.63200376634704,103.83948826476228,107.68894683364343,0
507,105.68370813732976,107.44854030108425,108.57073118775646,93.81543762948475,103.33589760141884,105.02348722673298,0
508,106.12465537786395,108.362699568132,108.86202079634586,89.49896836507926,103.02751439810866,106.37275441532162,0
509,107.85512968667943,108.85730697122021,109.22026968948914,103.859213202614,106.63722900369706,107.83019213025366,0
510,103.91794701179458,108.08899045880987,108.65398431309322,89.86613772284045,101.4129626845463,105.86027742862935,0
511,98.09304427193874,103.89464922601925,104.9623071273256,74.51191550929461,87.02129612256603,91.33682909981482,0
512,103.91794701179458,107.85526076763728,108.903240295033,85.46771587033723,90.81705648188085,105.2695573892587,0
513,107.03820691079557,108.44151092421907,108.80918047215454,86.70911300106462,103.41424989336831,106.45544104036242,0
514,100.932701854365,107.85683110839159,108.56896674699726,101.94047647797098,105.26737124707752,107.02970756891419,0
515,102.00918280528434,103.91794701179458,108.32479262087824,85.94625166165874,91.47268588547473,105.23268772379545,0
516,99.87639340480075,105.15548962432896,108.85398244646419,86.36706169842148,94.24198412714365,104.8799347379024,0
517,104.53693751812713,107.03820691079557,108.53336702478396,58.67901574216608,86.34686387071217,103.62737745329832,0
518,107.03820691079557,108.62318271462924,109.07461857717618,87.07139804217857,104.35638756876011,106.54299101348687,0
519,103.91794701179458,107.73622334064021,109.0516052742567,86.72183741089876,102.83502041181112,106.05205020623455,0
520,105.03586582403588,107.03820691079557,108.11293428250457,84.63776355278965,89.11445706804255,103.85178953694316,0
521,99.90433863384567,107.03820691079557,108.65398431309322,67.91617303392488,89.89280062593735,105.11333854028643,0
522,104.54080896061872,107.03820691079557,109.19447053666313,87.25119339518227,100.33108920848645,104.14311536404777,0
523,104.77080269781206,107.86656496571092,108.47023268840569,67.86915344954963,88.5062698762604,103.11709369475214,0
524,103.91794701179458,107.03820691079557,108.87677399873067,86.55199854884411,90.84754955900014,105.48874252826917,0
525,102.5782424159036,107.03820691079557,108.5810394489929,83.77558823292709,89.75034246623605,105.21862849255167,0
526,106.12465537786395,108.90932127594877,109.34111882612086,102.7681991017127,104.12644194595575,106.71913928264803,0
527,103.83948826476228,107.03820691079557,108.15458291682747,33.64705205575522,65.717365610614,87.62846390178792,0
528,91.55049072640858,105.43884758777892,107.287188182558,70.59998942360033,90.08629837262401,101.87109412459775,0
529,103.91794701179458,108.25507006917493,108.65398431309322,64.68753474504632,72.96901264332482,88.68827110585602,0
530,103.93072724367694,107.88785821902633,109.49020306763806,81.34650046762115,105.64459020946688,107.24867441930155,0
531,107.03820691079557,108.61836028568055,109.20467706961745,67.758833592478,88.72750047937217,103.88220561830379,0
532,105.84647773603535,107.03820691079557,108.62051103488713,87.65786714290348,95.66721440548625,104.5908215349674,0
533,106.02980907435219,107.8257779232244,108.08899045880987,59.40331460150073,92.30925520553892,105.38154984837712,0
534,101.17303717875205,105.9359117533973,107.65930623410296,88.87861003706774,101.8715971634625,105.48172795871614,0
535,92.75788808234333,96.33004533652645,99.7924795014603,82.01011208557969,84.01833462556286,87.66876267954248,0
536,102.5782424159036,107.03820691079557,108.41001299170105,83.58200733037947,90.94257703519204,105.26737124707753,0
537,103.91794701179458,107.74853181594068,108.55807269352223,73.63357476279322,103.37764058162595,105.7511018814817,0
538,105.16796570497213,107.03820691079557,108.57709709339429,81.32095960310424,96.83483964138114,106.06083428998008,0
539,107.7111013163819,108.64370224967882,108.80801701988432,90.67684925818577,102.83895090148519,105.79614889182861,0
540,103.83948826476228,106.59455475005598,108.45549233616438,86.33950373525647,97.58672771554231,106.04649640853071,0
541,104.3705424732394,108.12922303905242,108.94725763564925,73.39540687478825,89.89735317357247,105.27570482140696,0
542,103.83948826476228,107.03820691079557,108.55440366618758,81.44592296857509,99.72891579556959,105.61621396933396,0
543,102.15782713295071,108.09538747391865,109.05681733046552,86.59224840605677,95.14656552862597,105.21455805703737,0
544,106.71507924747924,107.03820691079557,107.86877014129118,75.70747277216401,95.74234432767561,103.34706225828546,0
545,103.87871763827843,107.86898492176273,109.16897771741495,87.54092306381908,104.15156920846543,106.77540902480789,0
546,103.85910295152036,107.8630074741557,108.53052952221927,79.65800191427543,93.83246362076997,107.28284932431944,0
547,104.30281894278525,108.08899045880987,109.06866326561769,87.70950742543023,102.20304288392329,106.22043826705833,0
548,103.9046570038585,107.85072817248872,108.78223991870074,89.08772300990198,104.2011833117871,106.58396669306333,0
549,104.6104800101733,107.83381138418228,108.64728259279755,102.45184269109329,106.11851363983305,108.13834904434455,0
550,102.95333077570798,105.9359117533973,108.45042720891465,91.07634623185915,96.06525132416608,104.44665412813356,0
551,103.91794701179458,107.32013242275013,108.52124901533608,88.58624514733164,100.9857472681873,105.5188002154435,0
552,99.8501673504783,104.83361659599905,107.74316119438771,102.4891102409613,104.83361659599905,106.75339128179264,0
553,104.23991951208914,107.8310372219769,108.82598891161781,85.56020417451262,99.5163631702747,105.5671820002097,0
554,107.05790062766877,107.85664775055233,108.55306111355196,82.57921612401614,90.80656412014243,103.39509235110208,0
555,103.87871763827843,106.49219781271808,108.54628214025885,87.74294064977482,102.78255351192624,106.80007857089603,0
556,106.89386134268767,107.43956345997583,108.53650302724128,84.19543078868513,94.46709050007652,103.82495660332697,0
557,92.70012581729667,99.77443802990773,107.03820691079557,72.96201830315624,82.92826371569699,83.3567458932393,0
558,103.91794701179458,107.03820691079557,108.66917922893006,73.70599509045633,91.1194671283151,105.55203874192085,0
559,99.81366740342388,105.13660203851106,108.40347044219237,86.66022026671277,100.70296545830158,105.11333854028643,0
560,103.8691141609605,107.03820691079557,108.38207229010351,92.93117487748331,100.53346671468282,102.6673462423864,0
561,104.78392310845062,107.52750965616409,108.69897671032672,64.91017638196999,79.6253167467037,91.42046518389192,0
562,99.94690702465857,102.58748970235852,106.04345629770044,87.74393330010405,96.3766307073788,103.92160782990632,0
563,104.70937401105225,107.50516396799009,109.08491583040058,102.76470297156462,105.91465632530964,106.91850310115883,0
564,104.48370813790763,108.75611472869882,109.073454391576,102.95203007078973,105.43521423227214,108.06435742419207,0
565,92.93117487748331,99.90433863384567,102.15782713295071,66.26223698844748,80.85001281915152,88.13664446132425,0
566,102.11776756673315,107.03820691079557,108.65398431309322,81.44592296857509,91.1284918649022,104.65292981652432,0
567,105.53167730573358,107.87701007171259,108.67676978197505,86.76527460440103,90.82948840834491,103.20129328128115,0
568,99.85412868906535,107.03820691079557,109.01531384332526,84.88166319445611,103.83948826476228,107.66095037977936,0
569,105.87472110482966,108.33045137132368,109.10891756916376,90.32734463247219,104.33681612619719,106.42755694716203,0
570,103.91794701179458,107.03820691079557,108.57191228383746,83.0479976149768,99.66339513348062,106.23850380420406,0
571,86.34686387071217,90.88517714983716,105.2798760472257,73.53705394694974,86.69888643383523,103.61076313156823,0
572,99.84620601189127,103.91794701179458,108.4521379140107,86.23278368388142,99.97911557408273,104.6476705177718,0
573,108.20106519367204,108.57584299745258,109.1567746071207,90.57713127298983,102.46278333809167,107.15618770047516,0
574,103.87871763827843,107.03820691079557,108.45381512508754,86.09129985473922,101.97028647595418,105.11333854028643,0
575,99.84620601189127,103.91794701179458,104.00774359707249,85.67749991155733,86.41238453280113,90.93474394925114,0
576,102.14781224139632,104.32553068534722,105.8215469309078,92.42102823680884,101.91629108082233,105.33663556147941,0
577,99.81688345781086,104.43030486066465,107.82876516081181,80.02094518519948,91.57272806843017,104.86838206043558,0
578,106.25814193604532,108.2705641864103,108.98698331719702,87.27820273313621,102.24995122927429,106.85806083764261,0
579,99.67977529900287,99.91846303497167,104.70278601939913,39.036149261585955,66.71192238281759,85.01064504617662,0
580,101.05946481074977,107.03820691079557,108.52218633587214,79.42720818909234,92.74154446648879,104.66999409660595,0
581,103.91794701179458,107.86531233052187,108.76834553610972,87.81082134020505,103.85213802478926,107.4116021152222,0
582,102.83303304942768,106.05883778618407,108.49252167400115,81.7578373873144,90.21919531951622,99.25479589782148,0
583,104.63099916393719,107.46942566163997,108.7057817492348,78.85585224206663,91.33561024502204,106.12352190195763,0
584,104.21437818790008,108.05999640992165,108.75900098375561,83.16651281765013,93.1485889083944,105.72769738199881,0
585,95.90678530711224,105.68502423079055,107.53738760960383,78.54981116794468,102.36386251494017,105.57234394457564,0
586,104.85647614954945,107.86177935589899,109.55602946271269,85.7412701685292,89.23226997665431,90.95421513727517,0
587,102.15782713295071,105.27736416816656,107.03820691079557,72.2336918837429,88.39057920125029,90.77539443341007,0
588,103.87871763827843,106.44470008553606,107.24957459280718,43.54692987793966,86.35881044398323,97.69823392908528,0
589,100.75655891286776,104.20543965625663,105.10027142666156,42.49177421453297,64.98225458803208,79.6981125050723,0
590,106.78490675422432,108.58722388529651,109.00217984191998,87.49944266981385,91.66266062686992,98.4098100741148,0
591,103.8691141609605,106.50452704439459,107.92769048453304,86.39357502178214,89.82481910603325,104.72239815512816,0
592,99.62273520558747,101.75144169912144,106.23852724928724,67.9826181355448,77.45105746248015,85.19956310199538,0
593,101.0553355863102,107.03820691079557,108.68628529128571,89.27720441434823,105.11333854028643,107.36430323792521,0
594,99.86633094049759,104.83361659599905,107.45227312633384,59.81328271989695,87.92208427432807,98.37514441580102,0
595,87.45415821362403,87.45415821362403,107.03820691079557,86.5061875599217,92.6891353562673,105.11333854028643,0
596,100.00616305355894,107.470287508996,108.9771791370751,70.73531455345257,86.641755300617,104.17584521020531,0
597,103.01726222404997,107.6494471318398,108.33935877461954,82.57915448239834,103.70642215124492,106.34344777390409,0
598,104.63743975522631,108.40827119178202,109.55329211403006,101.62657098543355,105.11333854028643,108.25479153196378,0
599,103.47791704208362,104.33144536472611,107.74462491072069,89.43627770896343,90.99742812467487,104.75882890504022,0
600,103.98275515248162,106.3758579826816,107.6548260151677,84.05968782522993,88.17936256925088,103.35838818198292,0
601,92.86869319474789,106.6639495637946,107.86396067655159,66.13175987271377,88.68827110585602,101.21519358428776,0
602,102.15782713295071,105.92229470818111,108.09058971258708,84.12777937585457,99.80072522309334,104.80919793602675,0
603,103.85910295152036,107.03820691079557,108.76950884318654,88.80608327274427,103.23856771712755,107.49714742938454,0
604,101.53822149371257,105.81096909469123,108.25533177916671,85.89071855344345,88.88733708492943,104.71872611257915,0
605,101.64330333087824,104.6876908737759,108.74906019672193,86.45477020562087,101.35027336031627,106.4034915480235,0
606,103.93226022276501,107.46573141030566,108.4835418204868,101.77268885907826,103.79845182677514,106.77522802418147,0
607,107.23423106388378,107.88277952757511,108.32491731850848,76.5163950187412,103.53146479026458,105.67655420947447,0
608,104.55573892132868,107.43932340714184,108.45299187942958,80.11379681088836,89.38913702082523,95.52109042000527,0
609,104.63099916393719,108.25182933285033,109.08416441650007,88.74711516613024,96.11026539813005,106.40673212119452,0
610,99.72891579556959,107.03820691079557,108.52753814355204,68.56418472251809,89.03897074965825,102.4928024110984,0
611,103.90806525703766,106.61025159429484,108.08899045880987,86.42628109612767,100.73491972230148,106.21231804684109,0
612,104.81904570467738,107.20419442530385,108.51355450553913,81.38055705796292,103.64619442750725,106.04812762532401,0
613,99.95284403966971,105.87301232270121,108.02786563519523,86.57725073602938,89.40678159280839,98.97324300354795,0
614,106.26620835798562,108.74064314543736,109.54014103391,89.74235129626732,103.91794701179458,108.31361059402491,0
615,105.53167730573358,107.03820691079557,109.13858039890899,88.68827110585602,107.38648230521137,107.55292206429772,0
616,103.409058090255,107.964715181149,108.71233822547413,87.07742462941138,103.47145185696814,106.96622082912026,0
617,107.03820691079557,108.71241051700291,109.21409804275191,90.33882418369402,103.97357152996554,106.98428378670329,0
618,103.91794701179458,106.47766220913533,108.83730210014261,86.39357502178214,91.28757002905077,104.21736243359871,0
619,99.90433863384567,107.44446754164214,108.54196869138076,75.14028952159669,92.81565034738999,105.80927016062299,0
620,102.12778245828754,107.03820691079557,108.43620385437994,76.5164835906304,100.13498256354771,104.6332394149552,0
621,102.15782713295071,104.76777417184928,107.03820691079557,81.32095960310424,96.83483964138114,105.0101058345142,0
622,108.07778026328624,108.73321130563721,108.92352762773893,85.29887673670835,101.72002883498035,102.4332970018427,0
623,99.90433863384567,107.03820691079557,108.57458890151086,71.6518537417953,93.01704283588782,106.60192879785481,0
624,104.5404982291231,108.4521379140107,108.87545167823211,89.29053586589669,99.09539281621984,107.38737486428721,0
625,106.37470661918115,107.03820691079557,108.28170845822137,88.68827110585602,101.03860914353916,106.3812816151509,0
626,105.25473984155809,107.88376741165217,108.74900018935267,86.87768407153578,90.79539382920477,96.88029762168821,0
627,95.50458111592114,103.93203876307533,104.99162473651573,76.93766176952737,104.43086919723578,106.79542426133584,0
628,102.83303304942768,106.80662915428309,108.08899045880987,87.6927566852884,91.07464009777675,107.00408087171775,0
629,99.81366740342388,107.03820691079557,108.39152176640792,84.11013545716202,99.28828389218666,105.35736432918512,0
630,105.07152644531932,107.23085393224846,108.28681691455849,86.80358642699545,91.74744299942518,103.38468186660563,0
631,101.86928864405056,104.00966149253154,106.15003434101251,62.79663174280778,65.17835229150913,67.56007284021047,0
632,99.93977488299315,102.97862791574772,107.98536026397653,98.15525935314753,102.53328278090854,107.19265364896037,0
633,103.83948826476228,104.73311435889987,107.85683110839159,99.77443802990773,102.19163871541095,107.31407512944673,0
634,90.13962369819578,92.82508918276751,100.96754559497708,83.69761894059765,90.04683333272845,99.66306103734615,0
635,107.03820691079557,107.88293967159892,108.73395505321946,34.073092475692526,43.75560684510896,61.228273414234366,0
636,99.94871626536403,102.15782713295071,105.32321638003896,80.97700901529178,85.59139816187027,98.17007415148407,0
637,105.77869655932608,108.40072128487564,109.01599369838911,91.95542113108999,100.72702983538798,103.88531769557153,0
638,99.85412868906535,104.83361659599905,107.85072817248872,81.55200866329089,89.19575652820114,103.91794701179458,0
639,103.85910295152036,107.5071554013349,108.79086859297436,88.04424037966027,103.25589029438292,107.44918979449204,0
640,92.76732691772085,107.94870794971575,108.80870983275973,74.12840695353609,103.7620025725547,106.26957337120055,0
641,104.06013185874032,107.72531051464719,108.53841413529771,85.98527051617938,103.80505886509414,107.6184604651655,0
642,102.14781224139632,107.03820691079557,108.59258882560772,81.64896795043241,91.81027560890908,104.40634174581653,0
643,101.53886058664834,104.43396869649823,107.37072587452926,88.12857374799327,99.92216045615089,105.40737359010416,0
644,92.93117487748331,105.9359117533973,108.2335289583685,86.99290765234784,90.06641880615338,104.81449065816346,0
645,105.74901134438424,108.48060879542943,109.07708482408114,80.56118252574913,99.08415136783807,105.3717974869798,0
646,102.15782713295071,107.95102094265559,108.57580089100509,78.4467844844025,89.91412150274573,106.79939091522685,0
647,103.83948826476228,107.03820691079557,108.47784254706447,82.82464191131211,91.29649016930234,105.1637387117963,0
648,100.70741841630104,106.26884895747916,108.7787976449329,69.70395175725909,89.70071721784615,97.53846943916193,0
649,103.91794701179458,103.91794701179458,103.91794701179458,64.62086136827395,64.62086136827395,64.62086136827395,0
650,103.83948826476228,107.03820691079557,108.39867703731646,88.81585713914217,104.48863563602731,106.31537609535684,0
651,102.91454491730735,105.26977692946471,107.90066568674419,73.25124908222908,85.49186096398397,105.0973941424905,0
652,100.82012261875848,106.8182226579483,107.87279384279755,79.8720515345923,88.95822937596955,103.65372399085057,0
653,108.12797887190916,108.80801701988432,109.18023251836507,91.42275118569509,103.48763448233014,105.03471852650654,0
654,99.81032202089949,107.03820691079557,108.24380954239935,85.47318759603334,99.78429685142177,105.25490656204516,0
655,103.91794701179458,107.44046299381023,108.69497794630101,72.95152149761206,86.46686396330446,102.88205090829933,0
656,99.93644505291158,107.03820691079557,108.2452676998513,67.98569698842437,88.63617969741598,103.8247439590622,0
657,102.14781224139632,107.03820691079557,108.65398431309322,76.7492842077062,95.27318113404615,104.82027165929381,0
658,103.91794701179458,103.91794701179458,103.91794701179458,86.43726919101553,86.43726919101553,86.43726919101553,0
659,103.83948826476228,107.03820691079557,108.82161364704595,83.98425292920484,90.03514759639907,105.38569543471279,0
660,105.4523309339747,107.86209040714411,108.57191228383746,86.5939554431778,91.68075694171786,103.5139476114983,0
661,103.8691141609605,107.8074001738845,108.57709709339427,66.73900593607517,77.34840454846685,90.75940609712113,0
662,104.91214645614349,108.29503776260617,108.75991247139028,88.662225401636,92.16545449532083,103.73081637053184,0
663,99.90433863384567,105.15539616876478,108.09538747391865,68.09026903353038,86.43578980965559,103.10695407739654,0
664,102.79546498194186,105.90631516683843,107.98102971319764,86.84280560770688,96.76637347858761,105.105629013385,0
665,105.47807696129507,107.03820691079557,108.23890507221772,41.679318948088955,42.81851688325937,67.14132892369065,0
666,105.26642369951972,107.57771263275342,108.48841649839778,100.84311993262686,105.3775770065284,106.94618461339334,0
667,100.00969093952382,104.97003303434511,108.49057427820873,74.97597180576128,96.21452080643313,103.9686835917555,0
668,103.91794701179458,107.03820691079557,108.42780417810154,67.03184650284777,81.36506097801055,89.13101555621093,0
669,101.61325865621507,106.08344540602857,107.24171202122864,67.9886818064121,77.47834381703949,92.79426989565496,0
670,103.424515178235,107.85107435115162,108.8301267994755,68.67202286420866,87.52837748710016,96.91246641464323,0
671,104.03507831097825,107.03820691079557,107.87456742133139,89.6242471814772,97.7101425592223,105.20650169130155,0
672,99.85412868906535,107.03820691079557,108.64600662311827,81.55200866329089,90.31580772897203,104.96725417682573,0
673,95.70204879662421,107.74113178375941,108.5740489463004,87.16723297649858,95.18023514146026,107.35048256522313,0
674,108.1235761660786,108.40827119178202,108.64339043952721,71.95725020838333,85.08405404425213,99.55319408148308,0
675,100.98594812789925,105.48979843453262,108.67222230329546,81.38344128583967,91.00926296062461,105.0917419638801,0
676,103.83948826476228,107.86864304047855,108.80888040959469,90.84090834754629,101.52224155009038,107.54649725327218,0
677,103.41907298180939,108.51215217348906,109.65296210121461,85.99426828676759,97.54522831256793,106.58016048078912,0
678,105.53663339740595,107.4768199675906,108.24988372794652,88.40945440216456,91.46466513986802,107.25840754526178,0
679,99.91804988060827,104.0599528959204,106.93355628777556,82.48271942085917,95.05145315455484,102.13762792809945,0
680,103.83948826476228,108.59420515803316,109.22901919069835,95.77678882723504,104.38644480922031,105.59543491323983,0
681,103.91794701179458,107.03820691079557,107.03820691079557,67.81832170903822,81.6995697149808,88.68827110585602,0
682,102.84314837083805,104.26854593403002,107.03820691079557,86.47066827609399,89.20363407580095,104.00019318116901,0
683,103.9853528064155,107.03820691079557,108.08899045880987,87.67688290609529,101.27226739118794,105.38495860242375,0
684,103.94424697578384,107.03820691079557,108.02922398766722,89.5773162236265,102.95883360258354,107.45304269617118,0
685,101.84050869450917,103.91794701179458,103.91794701179458,74.52478334406248,86.28699692107226,86.5061875599217,0
