,25%_imd_quan,50%_imd_quan,75%_imd_quan,25%_ml_quan,50%_ml_quan,75%_ml_quan
0,104.53573734356684,105.23198642237136,105.92823550117592,91.72622413774047,96.968202023277,102.21017990881357
1,103.83948826476228,104.73311435889988,108.42688758209923,85.3805865351409,91.48432563939205,105.12969533083871
2,103.91794701179458,107.03820691079555,108.24157013752209,86.42465489068042,91.44956106159309,105.54879868612446
3,102.15782713295073,107.03820691079555,108.57907694075928,88.13063769847311,101.81059106573723,106.7125278158424
4,99.81366740342388,105.74847797290779,108.47057131032707,72.34004291690462,88.37577884618062,103.85773178405098
5,105.08025060214321,106.47129042160613,107.37016868066809,80.06053560339366,91.37704532221348,100.39535950782609
6,99.66339513348062,107.03820691079555,108.49783344842213,77.58038655806428,94.165379459121,106.03914867614641
7,107.03820691079555,108.45213791401069,109.18559956655494,30.150036216909342,42.81851688325937,64.91901510275008
8,104.29251944006764,108.45213791401069,108.86520502013819,84.55991949979041,101.15887181394993,105.53470943400713
9,103.91794701179458,106.38933857785854,107.03820691079555,67.89678045607053,72.96901264332482,89.76443229342323
10,99.84620601189128,103.91794701179458,107.86633934187208,86.45790676713928,104.83361659599905,107.05910677570415
11,102.8267744987128,105.93591175339729,107.03820691079555,97.9369344096201,101.65789593440971,103.83948826476228
12,98.30903641454563,105.21110384493231,107.5909152390349,81.82052759099409,86.72761257946108,102.28439181589121
13,102.11776756673315,104.56189201238372,108.68044529400407,91.47019863771685,101.28350151429072,105.26737124707752
14,105.06769408343716,108.08899045880987,108.70435613263787,61.213100247335504,72.5761679358148,92.91360827724412
15,108.5802853923093,108.68374250140964,108.78719961050993,95.51351315108192,99.7416350796052,103.9697570081285
16,103.8983323250365,107.95925774604395,108.78583969100931,99.71649373103406,105.73133422017578,107.34708394812321
17,104.23066835719422,107.77550108792215,108.57032596821014,82.1246116594006,90.20086603951955,107.06515242929841
18,102.15782713295073,107.56679719235711,108.75479057743696,85.94913598260395,102.62785919810949,107.59617120928759
19,102.9986576988565,107.03820691079555,108.2518293328503,75.42509664516004,100.22283095791832,104.33700020010292
20,103.91794701179458,107.03820691079555,108.42131129753963,86.31958107046707,102.84205815751163,106.12878538389229
21,99.60918189628977,106.43478141758051,108.48060879542943,90.43544461088513,103.91794701179458,105.26737124707752
22,99.77443802990773,106.29101317507116,107.69048888757048,81.19599623763341,88.76672985288832,103.91794701179458
23,105.32753565239076,107.20419442530384,108.89835622419392,84.9034844834956,103.10075225248751,105.9557220230442
24,106.65496918135351,108.31851952859108,108.73560672939915,88.1944800088305,104.41479985704828,107.54361065162956
25,105.23220854617449,108.39210673623272,108.93135072932823,100.75529724285308,101.72672547427076,106.9007422402126
26,99.85412868906536,107.87103952427776,107.87569641865451,85.26946432298853,102.49066254197042,102.76653926221692
27,106.43741083978777,107.03820691079555,108.40072128487564,73.53705394694973,87.52249455001284,91.71334439468413
28,107.42350095370136,107.822592432957,108.37543702186164,91.61006393856808,101.81059106573723,104.64230223848709
29,102.11776756673315,107.03820691079555,108.33419377437836,86.24753259336144,94.53396896820469,103.91794701179458
30,102.11776756673315,105.12868390126155,108.85797704035173,69.35563377824462,92.93117487748331,103.33811571956954
31,102.85570085703311,104.94083223389921,107.23218216327085,83.08317002969908,90.75018726981938,101.89619897949444
32,107.03820691079555,108.64158379415537,109.3084125795924,89.40610674030849,105.48602605269652,107.09273682279341
33,103.91794701179458,104.32553068534722,106.46193377282164,100.499166253329,104.38933543179749,105.0501848681649
34,107.402296692565,108.85429943311615,109.44141906118172,91.50548492940516,106.072943852509,108.67743572606237
35,104.14686440784571,106.43447104414324,108.30312059573583,77.16463603275474,95.70887994399678,106.99717142741844
36,99.9043386338457,107.03820691079555,108.45213791401069,71.99332324458089,90.96674175519225,104.6741463666362
37,106.12465537786396,107.87367905399336,108.41620859306856,89.19487933335346,98.20591070983689,105.52985480011672
38,102.02748298320745,107.03820691079555,108.39573630280512,87.69961256397859,89.16758770047548,91.69672760661786
39,103.91794701179458,107.03820691079555,108.6098572999786,86.39927172962469,91.01350922849964,103.91794701179458
40,103.83948826476228,105.23220854617449,107.91207137752052,67.77935302508976,86.43565274921957,102.95373186993521
41,107.03820691079555,107.03820691079555,107.43240707743573,70.14587900905724,88.68827110585602,101.99667987420791
42,101.5765366849673,106.63220806038616,108.53815269236534,86.40795054294092,103.26577167339791,106.22603017434756
43,87.56383676496489,95.74089188837972,105.31020021339373,52.683868313342025,73.87413768636415,92.06463911451921
44,103.40905809025499,107.20864748717102,107.93151990702913,83.53106503739346,92.48034331836351,103.96155476561951
45,104.8879336686348,108.13589860131347,108.61008963203916,83.26078310806645,94.17436217189186,103.0332815841874
46,103.83948826476228,103.97519985567631,108.41059359167406,86.37379430765793,90.80656412014244,101.78167722149044
47,100.95595049911024,106.03564215219687,108.68694778729235,71.71323585972394,96.71944785729198,105.08299009709614
48,101.58659914927046,107.03820691079555,108.51090956515344,79.76048265718926,87.65936420086621,94.56117094626724
49,101.93294180624788,107.03820691079555,108.46602754271437,81.22748576046408,99.49820210328579,104.65388774687159
50,104.03991073430026,106.81528397318908,108.66896837231876,67.47883010591929,86.9741003733503,98.85063932015163
51,100.91203429049831,105.74979834304007,107.8262945718063,88.77312705427677,98.2847609204986,104.82142351916022
52,100.83973730551656,107.03820691079555,108.71750259805687,85.32401568630695,92.74541610953159,106.2077489871045
53,92.93117487748331,103.83948826476228,107.03820691079555,73.53705394694973,88.68827110585602,101.57133757407007
54,102.05846774023158,106.88242996769225,107.86715400340469,88.62159333908214,98.32449452020286,105.85651185512232
55,99.81366740342388,103.83948826476228,108.5790769407593,88.07360126991564,91.46104613155745,104.63671087812277
56,107.03820691079555,108.83676190244957,109.46064561301186,91.21452182444166,106.02433931665472,107.72563454568504
57,102.11776756673315,106.47603037197632,108.43001455838447,69.9417933889118,91.40586689235971,104.90331186770555
58,107.03820691079555,107.42350095370136,107.7545772940456,88.68827110585602,104.09417465995209,104.6876908737759
59,106.655507359927,108.63166879428915,109.16731004084909,89.53858013273106,104.49123430434969,107.40903047748544
60,105.82122713420073,108.28221907708011,108.83385751785788,101.97290850572186,106.80507281828878,107.47791955494391
61,101.74856187470276,107.32013242275013,107.85532281745544,90.2211565410313,95.66926414430596,105.16214787160764
62,103.87871763827845,107.03820691079555,108.48874584320222,89.20404075367327,93.94034402803965,104.57980813756788
63,102.11776756673315,103.91794701179458,103.97519985567631,99.58530028267865,99.78429685142176,101.04735490609887
64,102.11776756673315,106.33915252531776,108.54420742069846,88.51121633194514,90.38881816569216,105.25077949949308
65,103.83948826476228,107.03820691079555,108.65398431309322,86.48424625220392,91.33583762102708,104.83361659599905
66,103.85910295152037,105.47807696129507,108.59238447668871,71.84953307139729,87.57420146455259,102.94249434463245
67,91.17736074110316,105.86294889228573,107.43271999807831,73.36504960888325,89.4067815928084,104.75393309383541
68,103.83948826476228,107.03820691079555,108.57246315112377,71.63712285874256,88.76672985288832,104.44826603410331
69,105.01989082960544,107.03820691079555,107.03820691079555,88.76672985288832,97.58136261950462,104.63079130005914
70,99.9043386338457,107.03820691079555,107.85697441565166,81.07103287216256,88.68827110585602,101.869784238855
71,102.65802838786554,105.46985076383982,107.06191753846652,102.6937683547802,104.00330660309366,105.29957564463913
72,110.52274203134876,110.63250847836298,110.7422749253772,105.03182049771286,105.45732552925048,105.88283056078812
73,99.83807135977443,105.07931159361573,107.8441670809047,80.95772175451947,88.68827110585602,104.00064672097388
74,103.27395000032793,107.7091626811413,109.02793654474071,82.62359940775646,94.32659286099613,102.80818329086101
75,102.13779734984192,107.03820691079555,108.23855505844057,88.30318862394323,93.12285900169701,104.81033194139825
76,87.56383676496489,87.56383676496489,108.65398431309322,90.04683333272847,101.57269276747965,105.11333854028645
77,106.43914901071095,107.44284885115087,108.44555439612571,85.98677723366552,89.34625038703457,100.06784417491244
78,108.37577293634264,108.46008926037985,108.83986531094901,90.9747880611102,101.273735406836,102.03627584338145
79,96.33004533652644,107.86633934187208,108.39291979589385,88.96994040294788,95.64638440247715,104.83896270048108
80,103.44616779993046,107.03820691079555,108.07714467213104,84.56291105769316,87.57381345209541,88.1310422789757
81,101.03392744213323,105.7155746004483,107.03820691079555,67.74395348528222,73.05441583470478,87.00001966972565
82,99.80386006004484,106.13520772848506,107.23876515896869,41.562447093723655,67.66362671129062,82.13461694107734
83,92.93117487748331,104.08128555039214,107.03820691079555,77.34840454846685,89.87660090459144,105.11333854028645
84,105.47807696129507,108.08899045880987,108.92909136963982,76.6343232958583,91.44956106159309,104.91660695311536
85,103.49281452220285,108.25299053279636,108.83594010944105,98.0109482837765,104.53143869953993,106.49806857211685
86,100.9077407283329,106.12465537786396,107.83109233313787,74.08132025048623,87.81654253176683,99.47709977740459
87,103.91794701179458,107.03820691079555,108.38924655280044,78.29352151035968,89.13553079223514,102.06341007162308
88,98.03528200689207,103.91794701179458,107.97137877913678,70.3731374383126,89.67270075158919,101.22513701063049
89,104.46905133886604,107.31953609721809,108.77001238225031,91.4494548070057,106.9486669331548,108.0477019272378
90,105.83165563684345,108.26328350422432,108.70888338194105,89.6478441841112,99.53602557448406,101.52504864237892
91,103.83948826476228,104.6876908737759,108.08899045880987,102.47667847948715,104.47732899112002,106.60304808937711
92,107.11103773774308,108.43754299520599,108.94754222701343,82.71183899951541,107.00810682251893,107.19172728442021
93,105.83651695204657,108.39408734328137,108.84253458158024,89.49896836507926,103.37490074539517,106.32021541417372
94,106.11914033573495,107.03820691079555,108.87159195937237,86.6602202667128,101.55488375255587,103.83948826476228
95,106.12453534215736,107.2256221044773,108.18480654297585,45.41647463654176,54.41317979667242,70.39572941018469
96,99.91646498530169,103.87871763827845,107.03820691079555,75.72280714831777,85.32767369600745,95.07996924340212
97,103.91794701179458,107.03820691079555,107.03820691079555,46.9070971599729,86.47773047665699,103.91794701179458
98,106.46590751220604,108.65398431309322,108.9572785567428,91.76901188443041,104.3220836773795,106.69272722929136
99,108.56542912515894,109.05895885248812,109.61084231103943,86.19130734275257,104.61361067142656,106.9016360971183
100,107.46109517872743,108.61554070324377,109.06222835189428,87.10699642273703,91.68401740779888,103.96573555086329
101,106.47744839492005,108.39957923238474,108.73258058779196,89.29878146461408,103.70629467229121,107.22502706895477
102,98.14763562119877,102.36897761492236,107.4340237708992,76.41885314090953,95.35373440134735,105.12138068818237
103,108.79029013184577,108.9265959505983,109.06290176935086,70.67650398710622,83.32181441509823,95.96712484309023
104,105.35548039642772,107.76966253214226,109.10441604487623,91.25224228263494,105.11333854028645,107.74261214288937
105,107.03820691079555,108.45213791401069,108.90737478878022,91.42332240153128,103.91794701179458,104.6876908737759
106,104.98943900839079,108.40347044219236,108.83839966927658,83.91010530320625,100.2367185710492,105.35376193688046
107,104.39266528398586,107.03820691079555,108.1263805467257,90.69690590827743,103.83948826476228,106.3352588407163
108,99.8933580625815,107.03820691079555,108.1845529903097,61.993065189224694,67.81832170903822,87.68612972909911
109,103.83948826476228,107.03820691079555,108.75153731252304,67.77704655679071,102.55186678913329,104.91590309099811
110,104.49525490828056,107.45699380095148,108.19267827991855,82.75218136940669,96.5760469365204,104.92637276964169
111,101.67428209121842,107.46238419306464,108.52978860740431,70.73218514231428,86.52214768212612,102.73158219991609
112,105.17818069829642,107.03820691079555,107.85072817248873,69.20711380564249,101.77864519041219,103.83948826476228
113,100.01622551786213,107.03820691079555,108.47164562433431,75.61912684071362,89.48379794620394,103.79137400933665
114,103.9046570038585,107.84558403798843,108.83332262015055,88.82464057258059,103.95892891045601,106.50974201981778
115,102.97862791574772,107.85541514023309,108.83320301421296,99.98333974846595,105.00259099331623,108.08783787420109
116,95.64682323919315,103.83948826476228,106.32758986707458,89.42710894963005,92.37648742260309,100.51523586784815
117,104.52727452515282,106.60354807018886,108.8538560400584,78.57339034556719,92.16025892741736,106.30822984849769
118,103.91794701179458,107.09483999277114,108.6080995851482,88.2756825273423,103.35882473002589,106.49211015585878
119,99.9431244922463,106.29138052016987,107.64126426530048,30.239237819200014,61.491381926388996,76.61185931385126
120,106.2400114833746,107.03820691079555,108.09538747391865,86.20853817403996,92.61167248052351,104.66325512745053
121,103.91794701179458,104.52727452515282,106.28168178141328,66.71132642607564,83.1896975719283,102.90237903141157
122,103.85910295152037,105.47807696129507,108.09865516320691,89.38728473924002,96.6055255568314,104.58786121824144
123,103.82116714888521,104.76777417184928,107.86598734815323,90.24752255816887,106.48742061018277,106.68832506413902
124,105.17476030907163,107.42280354234005,108.45296937837972,91.05579169680878,99.79664995119244,104.3956598451525
125,92.88443795616324,96.4177567556645,101.89601385645369,66.26223698844747,84.56772296321847,88.86993791072456
126,96.78155570804024,101.87191344930395,105.6271465790178,67.41601067922687,91.71111739849209,108.20702186402265
127,105.3571668887993,108.16040337117883,108.76515122933478,85.17641136849348,103.46258232834721,106.00785062971848
128,106.87219185045264,108.08899045880987,108.86887823055885,90.84647722478095,101.72399663008623,106.77802088734276
129,103.19019378085105,106.6627503176738,107.66563982586788,92.0107437104686,102.28333814330824,103.9946571990946
130,107.03820691079555,107.88306511675395,108.90880156072448,87.52428211510856,104.61611046173168,106.09990121110776
131,99.9043386338457,107.03820691079555,107.95844411185732,85.54063073731996,92.80230703393582,104.53683342111687
132,92.86869319474786,103.83948826476228,108.12697317345192,75.15943510338532,95.60139494885503,104.99488470110285
133,103.98463869105385,107.42145607499054,108.84304278711993,70.66781621368773,89.61707119023811,103.82506408706979
134,105.8755149399724,108.02296125713848,108.76381312437869,86.15998101717337,89.82116444772845,105.30459445549344
135,95.67786791106113,105.98106328997271,107.86880224499431,85.62445368510288,90.2435960414655,102.98627061048866
136,92.80621151201248,103.91794701179458,105.11549733726886,63.42829731242472,86.41238453280113,90.93474394925114
137,104.6391679262706,107.70508418844341,108.58347860134272,88.8935445206183,90.75385736648136,101.9501159273225
138,106.59378113497532,108.38471787640695,109.76198629387736,101.18894472536762,104.48933322001598,108.41360793783251
139,102.92313005803337,105.49216871257582,107.28439549738131,84.91573120002595,89.4785949599813,90.87563876967651
140,103.91794701179458,106.44579863770012,108.75494477562827,74.43261448074055,91.82976219116208,105.2139209080995
141,105.27531988303082,108.48088794147525,109.0771045807327,63.14706899620633,75.97407229654586,99.97428692366407
142,100.52426231434508,107.43932340714184,108.65398431309322,74.98455252771906,88.9284050821436,104.24824403662147
143,99.87029227908464,103.8691141609605,108.41814520437849,70.41068575836843,90.37384292673416,101.04793188151993
144,104.76777417184928,107.03820691079555,109.83711458063591,81.47489741873088,88.46924552841772,91.44083451224192
145,105.08697462427305,108.29014060469231,108.78972175345436,97.41173970328863,105.98985927191583,106.74501378400127
146,108.65398431309322,109.15959917778568,109.35629609449751,91.88604161251482,103.03305236707236,106.78299833178305
147,104.10016322114716,107.68038333116252,108.08899045880987,99.72891579556959,106.6930671653709,107.78250729779684
148,102.52293797479919,105.23220854617449,107.2881504698875,96.77856199119465,100.62594910490604,101.17876827992134
149,93.70350112664688,103.83948826476228,107.87839659013692,89.27720441434823,105.26737124707752,107.3643032379252
150,102.95748455021864,106.7634768434153,107.92426378448464,86.4704526467483,102.70123512665701,106.67887203927224
151,108.25003996251878,108.70381832161608,108.8798448171543,100.62977021256336,106.7502985618657,109.05129185800537
152,107.03820691079555,108.2879773891142,108.94427421754871,88.72750047937218,92.72381996653529,104.88897265405235
153,107.03820691079555,107.86228766632635,108.08899045880987,89.78267460729154,92.43129912712686,103.23726776832504
154,99.9043386338457,106.61840282008666,107.85887369137293,81.55200866329089,91.52084554644766,103.98779871204
155,92.75788808234331,99.07113936120784,107.1563048906222,73.60283825720016,82.2189606702904,88.73108707751051
156,106.9267816947353,107.82845014492291,108.1845750839417,83.27012790084436,92.63690228670531,103.73517001784849
157,99.79436069469713,105.39143002350605,108.09378822014143,89.46452069960813,103.16878825587229,106.88158203970369
158,104.23066835719422,104.83361659599905,106.12465537786396,85.11917669750599,90.84428696392462,96.07450156607705
159,106.29680364741743,107.03820691079555,107.84092000915608,47.03114355299525,88.68827110585602,89.3234070023212
160,101.89616826312367,106.66337502904742,107.40908395855816,89.61633974042431,100.24790686166344,104.5076821624954
161,106.68281723013872,108.42470330819744,108.61399068214794,89.83912340274885,101.82398830853901,104.58316950310137
162,104.52428920598065,107.03820691079555,108.01174727150793,83.47261134665119,89.44962683070291,92.40134595669228
163,100.88812604157482,104.6876908737759,106.9471732889879,84.56101482825936,88.39870511217606,104.43094189973726
164,106.28249665948259,107.03820691079555,107.86633934187208,104.56189201238372,105.23730968233579,105.63987026099475
165,103.12307662582195,106.58275811816331,107.47953886281681,73.55782159987464,100.4131580303507,103.97675889156164
166,103.91794701179458,107.03820691079555,107.71774476188108,86.95217805027002,88.72750047937218,97.57444536582173
167,104.42968954718387,108.52410395330665,108.82124751033977,93.23063142394106,101.57269276747965,106.8746542233696
168,107.45462321753666,107.87103952427776,108.52952760723352,74.61992973250747,106.42134258175558,107.90821023301592
169,98.03528200689207,102.63529295619026,107.5039884569676,67.02455793498588,91.33326089916528,103.99510288959296
170,101.03106951989494,105.90299054132242,107.74006834818786,83.33607427393217,91.0921751102637,103.90225092887532
171,103.91794701179458,105.23220854617449,108.36380681164353,67.97038627111573,77.24480704425079,104.17305247036705
172,107.03820691079555,108.02646687068204,108.08899045880987,86.48424625220392,92.55015315811342,104.46234254509581
173,107.03820691079555,108.40579284208441,109.12759987446071,85.15883157175216,90.13853334199844,105.00175592797385
174,106.69900786999384,108.40437998197442,108.8902854265981,93.19501581472818,105.23601236657072,108.16567134153841
175,99.83807135977443,104.30281894278522,107.2452400185647,83.28306264185319,88.89088305143068,104.50220973897258
176,103.546802042497,108.68447801033622,109.4072647001873,79.4623737039239,96.60926820469813,103.4909936666416
177,96.49532847246573,105.47782014617229,107.44446754164213,87.42677077117445,89.22361781040638,96.69509886657059
178,104.30363121830578,106.42891981717652,108.99299455300181,70.08499661927156,89.72257802585806,97.63523768471005
179,106.11948246716888,108.1114107472475,108.82252035406714,85.35346281438567,105.07469167282808,106.46017261239665
180,103.91794701179458,107.94267028102749,108.65398431309322,81.90377011322649,89.28243600522373,106.33417150353556
181,102.87335225487413,106.24626795665272,108.59443775440643,85.97032017264596,92.84543656876164,101.66246230300443
182,102.06009854691938,104.21585845999307,106.37161837306678,76.7560496630459,80.63907665444037,84.52210364583486
183,99.72319965819771,107.84158889772971,108.71067683588966,84.10540428023668,100.68611430143528,106.77338238115831
184,108.37531983497064,108.46716923844716,108.51954076114231,81.87217249335588,101.0225941629574,103.14270412995577
185,99.81366740342388,107.03820691079555,107.03820691079555,58.64965413038439,88.68827110585602,91.12849186490222
186,102.801648939438,105.70084628790777,108.26680130135605,91.22152122653227,98.48885906984032,103.20897732084156
187,100.0282157943516,107.82800141651441,108.80237921061115,86.03172271138317,91.03386219162527,105.22805099862906
188,105.16817044644378,107.03820691079555,107.9551754034785,88.70788579261409,96.0781533815285,103.83705045990322
189,106.72931680167112,107.74517241240315,108.60352271332258,87.3833918418816,102.49716137483612,104.8628801170879
190,105.35116899842062,107.03820691079555,107.81290084163723,89.56395291113151,91.24912096283234,105.60480433188653
191,100.82012261875849,104.76065373488748,108.860681630281,83.43976180365566,91.52043150564123,106.3442735118248
192,104.07390154673412,107.03820691079555,108.72351446276028,75.98871619737004,88.42727488682699,106.7829385699667
193,103.46790215052923,106.65022177982212,108.63196490700506,86.872964653847,100.37173282803158,105.24270259896778
194,107.03820691079555,108.09538747391865,108.78663411530043,87.66331497039194,88.76672985288832,104.43111996328815
195,104.13430162820829,106.70128539976946,108.74957961106352,85.70697920877582,103.3598402295485,105.39443754609225
196,103.90806525703766,107.75940114503707,108.73100066648877,86.92837413466484,101.24992858523865,106.4367413472095
197,100.33614362991487,106.71008490581379,108.7174195743973,81.68925630079278,86.98152548134311,103.3451851180447
198,99.78124235895227,104.91223585913843,107.49647856751403,99.8264552809657,103.42080811135048,105.13828294113267
199,104.00600639703451,106.63565013193113,109.29010224624308,86.43384754284162,90.94789748161942,105.54046610605744
200,104.14686440784571,107.9382378939392,108.8413204211578,64.93848840105841,90.31457832559265,104.85716582990645
201,99.8933580625815,107.03820691079555,108.11031896001757,87.53969301512495,92.93117487748331,105.17532411131113
202,107.32576904965723,108.09065046369604,108.40297932229923,89.46117892738077,103.34448631392328,105.06808020048828
203,103.91794701179458,105.49420980517564,107.82482296961088,67.99075793712106,82.18197928428691,92.24937276181988
204,103.4190729818094,104.36995354142387,108.11276281993902,83.84008445870523,93.54286029412351,106.06119104564094
205,102.13779734984192,106.3650093510152,107.88089254693355,88.68827110585602,101.15399293387732,104.81908581016556
206,103.91794701179458,107.03820691079555,108.5411877676482,71.70685364875541,88.99365434177952,106.1285295739827
207,103.91794701179458,108.35136029088024,108.80801701988432,89.36989921317007,103.80761628182071,107.42871402856302
208,105.59617473065056,107.78136819909237,108.63476250816849,86.60523224962141,90.32473415095973,103.8983323250365
209,107.2201753993975,107.84867494389376,108.6421498567184,73.26649314711709,97.77596916364216,107.18208948458124
210,106.29567636021059,107.42853914993385,108.32572310391672,93.41305940541255,103.69388467489836,104.35739939691031
211,107.66972866223827,108.65398431309322,108.98269145924714,86.75689338727638,99.03922741562396,105.86788556119068
212,104.73311435889988,108.57191228383745,109.955790469826,85.21907543529154,105.11814244216316,106.84972575435741
213,103.91794701179458,108.08899045880987,108.99409575990141,74.13404109245853,101.19610436157194,107.18665663652209
214,99.77609933593806,106.84585645156004,108.4135754421594,71.04737476660691,89.08829683092613,104.28475579407585
215,103.85910295152037,106.12465537786396,108.44428861628036,73.01205469000149,80.19160937992132,102.3762513483403
216,103.91794701179458,108.40572477563005,108.65398431309322,89.88492453243731,105.11333854028642,107.093447820411
217,104.2533800997562,107.82577792322441,108.81565671515551,87.58015243733524,103.91794701179458,105.28541290363802
218,109.16456446738992,109.37925789400349,109.46052970434758,106.37667046735164,108.24945810468165,108.80055167214243
219,106.41817512125886,108.56723313188705,108.9401891335278,102.40724958541678,106.19467449070608,108.03104065171664
220,105.0512325101192,107.94640310627706,109.1431700423568,94.9987419382838,103.7590516508862,106.59865011017011
221,104.58718863667671,107.03820691079555,107.63294667333031,71.70373842114843,83.98531446681602,88.68827110585602
222,105.87314540723958,108.26673431319544,108.82378481470043,35.15366243233181,68.78180702114038,94.65583346016571
223,104.27996116112585,107.80073500873242,108.57325059267416,85.54014466927859,100.2933721593988,104.07759899878721
224,105.25555558137232,107.03820691079555,108.5833047841957,88.68827110585602,103.1144032570115,105.42140395386863
225,103.91794701179458,106.32563287169364,108.45213791401069,88.68827110585602,104.90134388681456,106.71427295817587
226,91.70486407501829,96.05916744062864,100.41347080623896,72.57584709815156,78.39950917634386,84.22317125453615
227,100.4667898201282,105.90299054132242,107.47406540991369,59.08894685597079,71.93929543616466,80.89691895304031
228,106.66157450953008,108.49125531212204,108.84985892082938,99.07760491573973,104.63208064570749,107.11512427751656
229,105.68370813732977,107.83636461842018,108.59212947235895,87.19650502986038,102.94805427725872,105.26681090591343
230,103.91794701179458,108.3920220640623,108.9374309748802,86.46846393545465,95.6420406206782,105.04159821800462
231,103.91794701179458,107.03820691079555,108.5449272415093,77.44203773151447,85.91880356494089,101.97500326568016
232,99.85412868906536,108.85444721821514,109.04334272347444,88.52072736888357,106.58067736307024,108.07638393265341
233,103.42593715710971,107.03820691079555,108.44850373934709,70.36953242997349,83.92315354217742,102.37757453938922
234,104.6876908737759,106.58776780182932,108.03532549228741,88.68827110585602,99.72891579556959,101.83560123420065
235,104.7450624292873,107.03820691079555,108.08899045880987,86.35881044398323,88.68827110585602,101.84448761456196
236,103.91794701179458,107.03820691079555,107.88282855522499,76.25157482781981,88.42059620486019,104.06071268509427
237,87.25547157652487,87.45415821362404,96.22953383279564,92.00526691301536,97.65837897290017,103.15618164299671
238,96.27017838688654,103.83948826476228,107.03820691079555,68.66063862562928,88.64196752912554,100.37904118387293
239,104.12635811931408,107.9739320750914,108.80368884798193,84.83578365562826,93.22118824551436,106.24539040349087
240,102.97862791574772,105.21110384493231,107.44751900959358,68.53453684889323,88.04619294143608,103.32623854047684
241,107.03820691079555,108.47170631161134,109.03833890270741,92.54985935439228,103.91794701179458,106.38176038224508
242,104.30281894278522,108.03532549228741,108.58599378810075,83.353372300291,89.45049943864448,105.88340770881504
243,104.83361659599905,107.50297441293706,108.55306111355196,77.58679693561677,99.33767416794515,106.32502226686528
244,103.83948826476228,105.09898512872972,108.3880433625843,91.87471380368252,99.14695916947235,106.34491792827735
245,103.91794701179458,107.7877092233727,108.29699580613043,86.18908951464803,90.332336923423,104.70781773460686
246,107.822592432957,108.65398431309322,108.65398431309322,89.44962683070291,101.75851832958124,104.65484725846242
247,103.85910295152037,107.03820691079555,108.50013337858583,69.93123725288477,88.76672985288832,104.94531872540668
248,102.9986576988565,107.03820691079555,107.95083241707977,79.1262428143133,90.79655058920305,96.15465385679322
249,104.49604958823393,107.03820691079555,108.36719733158957,84.78787501139492,88.68827110585602,99.81366740342388
250,105.17671477011636,107.03820691079555,107.9993811336183,84.21501360796731,89.62562424452915,104.68096549564821
251,102.46407128286428,104.27365299968456,108.35992668333894,19.986672695845737,47.17178419885909,71.24354238435535
252,105.50665718455669,108.39240435201664,109.47719867631709,88.494531155455,101.84448761456196,105.60268630277709
253,103.83948826476228,107.03820691079555,107.48572609132492,87.09435441347769,91.43279732930547,103.91794701179458
254,106.31096332371351,107.03820691079555,108.56626013514328,88.74711516613024,97.47480895722543,106.34796454169948
255,106.85997746633568,108.05597585797419,108.84205783731545,85.61903602153518,103.97469125094901,107.00125668801563
256,107.8262945718063,108.23221374033577,108.44507384466955,83.42039786198981,92.4322455502045,97.27473880363323
257,105.18907040621431,107.88226937046512,108.95811571043436,90.85031102905752,102.67167021110063,107.33447767077585
258,100.97190466303525,106.25801352848393,107.03820691079555,88.68827110585602,90.44018601487889,96.1115776576804
259,99.91552949796422,106.80177766862852,108.2734486066758,84.97211717795423,88.82356184952957,101.76832532636234
260,103.91794701179458,107.03820691079555,108.45969977896573,88.68827110585602,102.76798042262648,106.96639115742245
261,98.48190990311905,103.8543012128614,106.51448654837164,82.21410153664391,88.49992193931158,99.26325245540528
262,103.96793252034624,108.15879137165425,109.03344130770009,88.4710423531218,102.87862465553991,105.92254166882337
263,103.91794701179458,107.48572609132492,108.53902594700988,81.32095960310424,88.76672985288832,103.15234688075064
264,104.79571003233593,108.03659005743192,108.49478665590892,68.19129213279665,86.17935366692217,98.44517903096295
265,103.92971950493845,108.40547246606529,108.95558237728632,54.4425185596979,84.75429242783775,102.769762246933
266,103.85910295152037,107.44751900959358,108.85667433843771,82.36447938887294,101.95269358167872,106.17948862788988
267,105.18044622371805,107.37908806354649,108.78913164899441,88.72750047937218,105.26737124707752,106.80919909569141
268,103.83948826476228,107.03820691079555,108.74879895710994,86.463606075531,99.5163631702747,105.8505816634642
269,101.896166152216,106.59721811152642,107.03820691079555,95.0795346676147,106.62562596513308,107.3747436054673
270,104.31288237320072,107.806911352158,108.8989445502726,82.1246116594006,92.35841624886784,104.94046883852283
271,104.89579345325599,107.8074001738845,108.79148381733515,86.35063984916236,100.00058376310736,105.53327926355873
272,106.26175761656505,108.08899045880987,108.70475159927608,46.57946210449955,60.89109528821267,70.4526539694973
273,103.91794701179458,106.55984566415829,107.03820691079555,18.1256051377458,58.31630763244562,81.13401191782391
274,104.23066835719422,107.84688266653342,108.8007893345492,90.547698816506,105.95555160444627,107.76428412453932
275,104.83193828183194,107.27398469875628,108.66059955832092,82.5397365397274,103.31834202418436,106.71284637390148
276,105.30573211553022,107.85072817248873,108.72121621318871,63.86521785291671,78.96924643807813,91.8610547528405
277,103.91794701179458,107.85683110839159,108.57606772604565,86.39357502178213,103.91794701179458,106.15600390949749
278,99.70096320096644,106.10668533770122,108.76950884318656,68.37110186929556,84.90380965687405,105.03168638033613
279,101.88603785042996,107.42350095370136,108.74687580943387,79.63994617210395,98.00260849760252,106.23341566417156
280,101.17125397821677,104.50094466051323,106.05203033008104,69.21827008836632,78.1575397741305,92.03118671574863
281,104.88402847582144,106.8036996051367,107.5381930578923,89.75566611549293,101.21720183213353,104.17490231551716
282,104.69801198654484,108.05772866474597,108.32845100853899,44.00172046155218,70.39996003700352,102.59052672478376
283,103.91794701179458,106.25776870845085,108.62985963339291,89.37987875593242,104.12747007306858,106.09774147859414
284,101.78262948854574,105.2216561955534,108.56279329787151,85.1883118135738,97.86786400160908,106.13342135337135
285,102.08284911366819,107.03820691079555,108.63238419154855,80.54587227932744,99.55324779123512,105.11333854028645
286,103.95151431111391,107.92709844067974,108.72086366700195,79.80630766613871,104.13373704540888,106.78806914388045
287,106.2701145062072,107.95667579154656,108.65398431309322,76.79570083524435,103.45825150980372,107.11873774992151
288,102.11776756673315,107.03820691079555,108.52979862338807,86.69888643383524,88.76672985288832,93.46378752372236
289,103.8983323250365,106.79367759021818,108.47144127202884,83.33403872074882,89.10861464576641,94.03390454960754
290,96.301959901827,105.54713486422831,107.10055958866077,105.20056646479652,105.42140395386863,106.62199819341282
291,105.21110384493231,107.87103952427776,108.45213791401069,91.44059856471,104.14608652949518,106.7893053322158
292,99.94777988877672,103.91794701179458,107.03820691079555,73.53705394694973,88.38550611821474,100.47942017243969
293,107.03820691079555,107.67864038892544,108.57458890151086,86.3660852545547,91.4193137140466,102.84293351925074
294,91.5619207115185,98.8094328756296,105.14720177309808,77.80018814809262,85.34548484822196,88.49445531669198
295,107.449782067544,108.45549233616438,109.08687968979713,87.26205560365696,90.3539475502475,107.0379705813967
296,107.287188182558,108.2263986352267,108.76271243593712,91.0110061898017,104.03278238510923,106.8742009036085
297,99.80199981225195,105.8889575082859,108.10858780813669,103.89413794278508,106.58225119379604,107.91956449331563
298,107.03820691079555,108.30814882116606,108.65398431309322,88.68827110585602,104.612943829528,107.50484284021664
299,106.46533297745884,107.03820691079555,108.45213791401069,71.87695644629812,88.68827110585602,105.67948185386767
300,103.99917336171396,104.02314686775159,105.82996193850494,95.74732137596615,102.067586917856,104.84335806120892
301,106.48705933209645,107.45014865896984,107.92712651168794,61.67239618906296,89.77335871558954,104.6133625522501
302,103.91794701179458,107.03820691079555,108.65398431309322,86.69888643383524,91.40586689235971,104.6274915544508
303,107.57195181435448,108.79898521754606,109.04120891438365,74.48235210964647,94.88634363605956,105.91155379618685
304,95.67786791106113,105.47807696129507,108.19497867393338,88.74811905495504,93.59073873320976,102.30746969398062
305,103.91794701179458,105.16295993634229,107.16093485769501,37.28658958095433,73.00897057954542,106.02143983568311
306,105.35750002152412,108.27601657151823,109.13358409834194,86.26729414714387,106.37125711404322,106.98990285881732
307,100.68143229778751,106.82126116907348,108.77078973254947,66.90782113000654,97.01873711289237,106.27887737024936
308,100.58549633035828,106.47566887229375,107.88095454577696,67.93481925972392,88.76672985288832,104.65603233871131
309,99.8005032922886,105.10022183563859,108.57371970007877,72.6153972392811,86.9154630625581,102.19844361811977
310,107.97861361625273,108.42712989121176,108.54669590408682,102.3821666780525,105.2171879892213,106.28220683977041
311,104.08802034757149,106.6353647464694,108.58046315914036,76.6555880455345,85.73185479625556,91.57242018377626
312,102.91007422612192,105.94411617144243,108.46609890991758,84.11560192756146,102.04096492571358,107.20215226468521
313,100.88812604157482,107.03820691079555,109.10066033057392,82.84086105222646,89.39855350595285,106.68711244442198
314,103.91794701179458,106.61791066419023,108.37468589350591,87.4076760177154,104.18804312573195,105.91379296651148
315,106.7414534981658,108.45213791401069,108.80801701988432,86.544626081497,103.91794701179458,104.75630380053585
316,87.56383676496489,103.83948826476228,107.04319884167265,69.77982018057926,89.72379809222447,103.86637721867831
317,103.47791704208363,106.73891206124479,107.19136068586737,85.8274050904547,96.41785882007211,104.32283570829405
318,100.42411129215614,103.49572186447487,106.07496423102606,90.66042344313665,96.44102533320276,102.02000704361755
319,103.01785728926387,107.03820691079555,108.3450752077583,73.75120123070592,88.37299195021515,102.26898403882907
320,84.56517326926866,104.51473645416316,105.75410338653809,103.91313132587715,105.57066747054104,107.24666649638287
321,99.78756090373044,105.23220854617449,108.37148738595155,87.85011309353939,99.5163631702747,105.53736186914743
322,107.8422833834688,108.89557887366135,109.34059962559192,91.61773788702068,104.2494668561736,108.33617029261637
323,107.03820691079555,107.88011821184557,108.72940792233445,88.68827110585602,93.35905932203536,104.63113921674393
324,107.874784130892,108.65398431309322,108.65398431309322,90.39347333310677,101.67843503150787,104.65576899845276
325,99.8282640163954,107.32468988131019,108.55959996672644,72.39271131462323,88.66630152299952,102.66397541389685
326,106.19137320946336,107.03820691079555,108.39576543333145,81.13401191782391,87.56885112419559,106.93114473521256
327,100.97996543640215,104.98266145253716,107.163602266957,71.80624648880672,91.95445669336836,101.21210064874431
328,106.560299987328,107.45760849125408,108.14964604742023,77.7346985732287,90.30291352995049,99.45710384547688
329,108.22489658948662,108.60935327548509,108.63324330106924,86.72820160501284,105.15691383108374,106.93236611807642
330,106.14537220293198,108.76399757774875,109.18406690008213,91.15929879922147,106.16394740764238,108.63841991060872
331,106.0108171898253,107.56359868480273,108.6996787104323,88.5972704910582,103.25873468461144,106.75559999336045
332,106.26518781168569,107.86225108832487,108.53512444271351,64.80322770059776,85.81450839390283,105.2274155309484
333,99.81032202089949,103.83948826476228,107.03820691079555,29.7746018012674,64.57056219618177,72.96443899079429
334,103.96063468558636,107.03090538410329,108.10977895435144,85.40324629427248,89.37634621696405,104.92081888215529
335,98.3853315711228,103.91794701179458,106.86249786920959,46.52400269455742,79.0941651143896,86.55746963442391
336,102.85430904221607,105.47807696129507,107.4434764040234,86.74224493964876,87.77242022442306,89.69123478371618
337,102.15782713295073,104.6876908737759,107.75045698132321,88.13063769847311,88.47005990334098,97.53044937258622
338,106.96518011725306,108.45213791401069,108.81280528048349,94.56895960482656,106.4678221976273,107.86242687450749
339,107.03820691079555,107.5367662015415,108.41192357331171,84.4473317394158,96.9541410473348,104.79489912487644
340,92.93117487748331,103.83948826476228,107.03820691079555,86.35881044398323,91.98824188807914,103.90181442198634
341,99.9043386338457,107.7877092233727,108.78665713119214,82.65117588672213,89.00118746909266,101.60666171436236
342,92.77969008833351,105.47169943938974,107.67298428808463,74.35627611923911,94.05649111292216,105.60129339302472
343,99.77443802990773,104.20624891586296,104.83361659599905,102.5072713079502,104.6876908737759,105.26737124707752
344,103.02400092411968,107.50465247565096,108.77141304023108,94.72512494551634,103.89245590157199,106.7932971875999
345,99.85116406908386,104.59801702187315,107.39367749819164,80.97274630079701,95.24659351694085,103.72214128774507
346,87.45415821362404,92.80621151201248,105.47782014617229,88.68827110585602,89.17169195410877,105.26737124707752
347,101.52055462394226,107.56359868480273,108.86634069679418,82.88803046176953,103.65428667023272,107.73430058409286
348,108.25651019689009,108.62980985814433,109.65210208841214,86.4172483727318,106.29119240877779,108.20860240347496
349,102.15782713295073,105.23220854617449,108.3769357657366,81.36506097801055,95.08599564525957,105.07717240715478
350,104.11541469249764,105.71054406513477,108.60521544523829,89.14166455279596,100.74301439750842,103.51237486663479
351,99.81366740342388,104.54176515155277,107.87103952427776,49.65437973043732,83.30951151651746,89.55928246614988
352,106.59150774309069,108.08899045880987,109.01691434286207,89.6270020942542,97.63713941376548,104.6422404487176
353,103.04648371120471,107.03820691079555,108.57305890552807,90.33218627798165,99.33523185136156,106.53828068345531
354,107.30090279779915,108.69846333392906,108.8295426648318,95.11614045954741,105.71716110076176,108.59142382246279
355,100.75288188949708,108.57458890151086,108.73552251987995,68.29100970733181,90.12431585777328,99.53913829045118
356,99.84620601189128,107.86564546686905,108.02296125713848,104.28178696122484,105.11333854028642,107.39958489253628
357,105.93591175339729,108.02646687068204,108.47630614671604,89.56185032335388,99.47630360405714,108.12229345234744
358,106.8103338822717,108.08899045880987,108.27224139748715,100.62212648146404,102.25872766161456,105.2150333680538
359,108.41401967767577,108.65398431309322,109.46614654655649,88.07841097261999,105.14441691497672,107.0089487581523
360,107.03820691079555,107.03820691079555,108.65398431309322,67.87971504069395,90.82329990889127,103.91794701179458
361,102.83701985256997,106.53459802628885,108.30362648741938,75.75650047076,103.1011123528415,106.30110067778185
362,107.03820691079555,107.87575733326688,109.11651022811708,82.92826371569699,99.99309389688236,105.06973571932186
363,104.79797362319651,107.03820691079555,108.50517483896142,88.68827110585602,104.04609861712099,106.05320065125258
364,101.01105310028942,107.03820691079555,108.2830010970199,85.02666604193328,97.42381134480776,103.69453629734495
365,101.87989895888997,106.16786356719135,107.09577306077018,79.97206943834016,91.9216473295772,103.61619214249201
366,106.58569302359562,107.8460956119444,109.24384863951583,101.33762817620482,104.4801765943451,105.25858057185177
367,97.2461825622098,107.03820691079555,107.56359868480273,51.95897350589729,103.91794701179458,104.51564277604052
368,101.55034784516857,104.73096858860735,107.49442602353191,67.71035406241732,78.83770591475816,88.41817162380501
369,108.64012543560938,108.99784832953651,109.84799212441943,107.11323256216356,108.25399330032927,108.69733935307707
370,104.47994070401123,106.63831260511759,108.62640175645859,54.14818824601422,72.5582608381181,80.07067407197877
371,105.12991307572672,107.03820691079555,108.48868655969818,88.72750047937218,103.04267191343314,105.47441495809484
372,103.91794701179458,106.87038800338937,107.39880738195404,88.62704953121525,97.622677578561,105.6192258514273
373,99.93258743609763,105.21110384493231,108.08899045880987,89.41010220140825,99.05163907257172,105.18607137048538
374,107.03820691079555,108.29014060469231,108.53226184622507,88.76672985288832,103.2325779619384,105.24312334037651
375,106.13530234419964,108.48805986008357,108.59580584339788,89.36034883753044,103.53187089302835,104.15335259485815
376,109.32626292637006,109.4710803868408,109.49894230014408,105.54330823009957,106.43279013080986,107.16401081026152
377,106.79692088014755,108.5850159592614,109.13475462816136,89.47383121223034,104.90635218598095,107.09906195232536
378,106.60570629481808,108.82262933104201,109.10776501089475,100.45683219846654,105.26379635944784,106.11836933111174
379,104.13206611456627,105.90631516683844,107.32717744297493,72.82165269021807,93.51749394385315,101.75291951845652
380,91.53602133546448,98.42456094463896,103.94424697578384,61.870268520534495,77.20669469880754,90.88700077417377
381,101.05657722736244,105.86294889228573,108.14471045964089,88.26294599700294,93.55761404654235,100.87279503716023
382,95.79927504548924,104.54176515155277,106.5039165686956,93.10555264284086,99.55088501896893,103.7919233874575
383,104.91265959762522,106.5211280912764,108.1744243230265,84.69153248215001,94.4916355411917,105.04493722165962
384,100.95843299367137,105.50670338323593,107.03820691079555,94.53488259980959,103.91794701179458,104.13788246059158
385,107.03820691079555,107.03820691079555,108.57709709339429,67.81832170903822,88.68827110585602,100.04911907624584
386,104.20491219805744,106.38933857785854,108.04203460631962,81.45306824837391,84.04787470627771,89.83197822247719
387,108.25003996251878,108.75929320805132,109.05218759353663,93.55763545557137,103.40551122957253,104.97463656711328
388,100.4200384084823,104.23066835719422,107.8262945718063,86.81659727963651,88.44131350519449,92.30788561492636
389,106.60707726325433,107.87834249143131,108.80801701988432,89.44234175197317,103.90044125083723,107.64197286774493
390,102.9986576988565,107.03820691079555,107.83224656264414,94.25096925463995,102.27582580838316,105.5814404498172
391,98.02948056604801,103.03095803403562,106.35857177329336,55.02583297376158,86.05018492756534,106.79451885813532
392,102.13779734984192,102.15782713295073,104.59801702187315,87.72155741460583,88.68827110585602,94.34068250136922
393,92.62056154625981,100.2712046003827,107.90396015230408,83.42024086769848,87.44265583857916,94.13440468540364
394,107.26615443511338,108.33350921342395,108.79018394209959,55.20780767230642,85.38984746752776,100.64647314447296
395,99.77057538981293,105.69803433979185,107.68968292581854,66.49730517175684,81.4610949593503,92.56159216419199
396,104.52624998547579,107.68748224875091,109.04181262956614,92.74786868418128,106.2795667226531,108.0217367859543
397,103.8983323250365,105.93591175339729,108.37907674995438,72.40483003840923,79.58400913411204,89.6526175098876
398,102.11776756673315,108.29262149382583,109.18824036195856,86.8055244616137,105.11333854028642,108.67485724519787
399,102.15782713295073,106.21520432080557,108.53109339888088,81.32095960310424,100.9660556985004,107.52413273420328
400,106.55244370560136,108.08899045880987,108.9912225399427,88.71175494259029,101.93736526387931,106.84399944974388
401,105.15988297885177,107.03820691079555,108.92746729481442,87.76208731761038,92.9132583859317,104.97696817612773
402,102.91362884064964,108.35173879035109,109.1703390349327,93.03666524696402,104.30680070838366,106.47306836822958
403,92.38186873314926,92.38186873314926,92.38186873314926,46.412128971289825,46.412128971289825,46.412128971289825
404,92.93117487748331,99.81366740342388,105.49348645563587,88.51121633194514,91.62661771664507,103.45618534645162
405,105.54713486422831,107.37018193981214,108.43786136191113,86.47773047665699,91.12154583614858,104.86904559222056
406,105.5306768892736,107.03820691079555,108.50201683452002,69.8469134510139,88.76672985288832,98.64137812671751
407,107.084566874256,108.31599743276115,108.78448239239333,88.33338715777208,90.03064075437466,95.40174149834247
408,107.84055653052305,108.45213791401069,108.95106619909596,86.47773047665699,103.97200949403937,107.71562664595407
409,102.9986576988565,106.4513719086233,108.30172210196976,71.13660128445673,89.62535905095795,105.87897232889627
410,103.85910295152037,104.6247914430798,108.42800479097096,89.80071490200069,102.97862791574772,106.41560020738741
411,106.82350505369824,107.88226937046512,108.6113413752988,77.64199545877109,102.76755090651852,105.6717800517749
412,106.59662691353634,107.84753387603176,108.5159893253643,77.33426055812733,90.97544102709948,104.10959430242036
413,103.91794701179458,107.03820691079555,108.68524867445663,67.8183217090382,87.93160373139958,102.39778723043725
414,105.16796570497213,108.49222584666092,108.80801701988432,71.53616505833334,84.68374924682969,90.35424254794405
415,103.40905809025499,108.45213791401069,108.79406165935563,85.85806707306384,89.9890633613966,104.93352565064163
416,104.7277325228126,107.03820691079555,108.54357730105828,88.33540631523131,103.83948826476228,105.46713683607949
417,99.9043386338457,107.03820691079555,108.65398431309322,95.60139494885503,103.91794701179458,106.82287358212194
418,104.34038521050007,107.84656381456051,108.45465373062595,88.07783312221302,102.72116482634206,105.93130225805427
419,103.91794701179458,107.37908806354649,108.35437778854973,86.10794426670793,90.9829164000366,103.95282993655651
420,102.82847269823758,108.16916970160914,108.50619822807717,85.77154698117691,98.44393506214794,104.01448773588314
421,105.83650953193087,107.86229775618335,108.30132313677332,88.13176574817322,104.39334109671499,107.82812714139318
422,105.2171512733338,107.48572609132492,108.47894421393265,95.6545703394963,102.80420614915657,105.94595536417201
423,105.78067325281509,106.56492853800032,106.69467896180338,90.60438552504836,98.56877594855824,102.7220629632819
424,99.80811958657516,104.10016322114716,108.84582696513098,88.01648347532097,97.4640612020204,106.5540922783486
425,99.87639340480075,105.09715922839315,108.17977732261008,88.55651096112604,99.87923366145552,106.68114620475856
426,103.83948826476228,108.57191228383745,108.84090487954501,86.39357502178213,102.8065065758082,107.48826972687463
427,103.15603147767227,107.16045350342677,108.52744930996073,81.2568165383006,95.39451013565856,105.81045959434944
428,103.85910295152037,106.78307387688318,108.19980764859754,85.69348019304144,87.66332027633499,103.39270923816618
429,103.91794701179458,107.03820691079555,108.24128654391735,80.83826169998922,88.8537899326816,99.39334816886243
430,100.86414126186709,105.90299054132242,108.60935327548509,83.33607427393217,91.24200580282816,101.57278096917116
431,104.96786800384965,107.81410792069671,108.4565007666024,95.82077012386856,103.8691141609605,106.05187991913814
432,99.9043386338457,102.94854257120787,107.35181055655312,79.32457817570848,86.35877228622672,98.62462201312634
433,103.8983323250365,107.34004887391987,108.35598503899988,85.92085856099408,100.89197693968904,105.25207547773456
434,100.02069620904754,107.03820691079555,108.72227635386538,91.87044893457649,99.95592866751143,104.37817392882559
435,103.91794701179458,107.03820691079555,108.50930150755427,87.00001966972565,100.44389380475977,105.12395181091185
436,92.88443795616324,105.2410271531235,107.49852382475777,88.30826729309885,91.9800869276371,104.01714914881686
437,102.11776756673315,107.7410565975172,108.28166766766329,90.80565183571369,102.86218545784487,106.77856350242344
438,99.76254602664036,107.79961723833244,108.52917768740602,82.57518704923133,91.67371299292114,97.45323161479709
439,102.51238562417812,105.21110384493231,106.89916386511442,82.84796479010168,93.07104603194956,96.1705359295228
440,104.60469919994793,107.25751343919308,108.17977732261008,85.43148811469263,102.46753498207373,106.98023233193392
441,103.67498805645384,106.34966488734942,107.44446754164213,83.42965354825027,101.72385851663185,105.01761550681594
442,87.56383676496489,102.07796992873115,105.38476417469818,63.575301686042614,80.71028838182826,89.47157337154727
443,103.87871763827845,107.83856233958392,108.77163090652724,86.75257960109406,104.41095099932645,106.96016046943188
444,107.85618614346063,108.83895910035083,109.28098150294826,102.0904328943286,106.52377165167708,108.21803908398095
445,98.02948056604801,103.68446548894151,108.08899045880987,77.33132014342291,90.49217361050587,99.25534976530643
446,103.5614818720574,108.17217918660742,108.63346630577928,90.71108227862909,98.41163021420576,104.9358037899835
447,106.23852724928724,107.03820691079555,107.52560478150845,66.516203329392,88.68827110585602,93.39072709085659
448,105.035016947352,108.33091314267452,108.8261514113526,89.7230444409706,104.65014475935685,106.68359890436204
449,103.87341616249078,107.03820691079555,108.43653069215408,83.97825710664063,103.75494754745957,107.02364231713223
450,103.87871763827845,107.03820691079555,108.08899045880987,78.53009851647141,88.80696812352012,101.7906710726376
451,103.91794701179458,107.03820691079555,107.8357584243527,61.183949130166084,86.65213913480778,91.0431690469742
452,104.38489284188715,108.24739165044714,108.68044529400407,78.14364727590791,100.35904610240569,107.09069502925215
453,99.8441027587544,106.23077613231152,108.12245497410623,81.14230727709278,89.67536060351239,94.03631481293272
454,92.80621151201248,107.87103952427776,108.57421321462873,85.37812210631337,101.82436075373104,107.63128002140222
455,96.33004533652644,107.61814777783518,108.70549742819712,79.41157203890911,90.82492389083252,106.00510885632929
456,101.00201657242098,104.70781773460686,106.29267088751192,67.53048629617392,87.99200826236111,105.46923578249584
457,99.8501673504783,103.91794701179458,105.03291257108677,77.83702470196923,84.59887714257395,97.62329933914724
458,106.40550601860029,108.5318910316441,108.65398431309322,104.05891501435545,104.658544739618,106.59584468618459
459,100.36027041411407,105.36950251834772,107.86063989428595,77.13461285390946,95.03792427464435,104.81449065816345
460,105.47807696129507,108.34196087875436,108.69255705663929,84.28433274954601,99.91901612517393,104.85184417855491
461,104.6876908737759,108.3466224322088,108.87372663779898,88.8633548663242,103.70539448872832,105.94157064515592
462,105.72276014758188,107.85683110839159,108.88665531182664,80.19913003109767,90.96381329057141,104.26171910375278
463,103.91794701179458,107.03820691079555,108.38384341956272,71.26602829785232,87.34506127694848,92.82080738672501
464,106.70839268928252,108.50095424936931,109.0024833269995,86.99921735513935,100.49392861998899,106.247727696955
465,101.97144998294563,107.86209040714412,108.19291295400228,85.9240037928867,101.97028647595418,103.82071146043842
466,108.03532549228741,108.77408549163023,109.3649914685347,82.25159955436071,85.23263514967931,93.82419164332893
467,103.83948826476228,107.03820691079555,108.40163725018772,64.62086136827395,88.63617969741598,105.39430130572373
468,106.56492853800032,108.65398431309322,108.80801701988432,61.36917487840003,93.36898029002177,107.84636030883028
469,106.56845803573505,108.02646687068204,108.73100066648877,82.16756045177803,103.91794701179458,105.9852354053825
470,103.90734406021929,108.02646687068204,108.84850139132591,85.8070758647408,101.71127135534023,105.53522351450796
471,103.9850816104332,107.88874218937029,108.74043050898614,75.92167457561051,86.61454859465395,104.03498573806371
472,105.21184118349376,106.72191546020187,108.15229368864588,91.30352052739427,95.45375712180693,99.63273761816723
473,106.19912990086006,108.5903656318508,108.93035558510456,63.15156131851744,83.3538783972472,102.70011086671644
474,98.42456094463896,107.03820691079555,107.94852333310403,78.93393744297626,88.68827110585602,89.77106214314921
475,103.8983323250365,107.3731118304486,108.00322186971664,86.45669161293827,87.98017896624759,94.2873821188484
476,107.43099350196795,108.70868514768473,108.85424576496769,78.37113757823703,99.76960164119491,107.56594421368764
477,97.95571773585522,105.47807696129507,108.23023892238072,81.42847511916578,104.2495178528152,105.54804117205678
478,108.61426526683736,109.68888306142588,110.12908472640106,83.71890094706038,104.42387086683992,107.76335961789164
479,99.72891579556959,104.24962162891165,107.87701007171259,87.80899363542967,99.81366740342388,105.11333854028645
480,108.47491734606687,108.85444721821514,109.38634240283892,91.74560922017824,101.47411040494738,103.18801365379292
481,106.1837645386027,108.52804081244312,108.7755483406294,95.07565571271698,103.70182975102895,105.88534291529754
482,107.96761871771194,108.40539088340618,108.70025690423012,71.73982890196002,94.29116496803076,104.36390185418202
483,104.07641117479919,105.69824469397363,108.51637798211814,66.31556543101836,79.10105605404203,93.76585347961112
484,108.08899045880987,108.08899045880987,108.08899045880987,91.68082903997585,91.68082903997585,91.68082903997585
485,92.93117487748331,92.93117487748331,92.93117487748331,67.30156201010018,67.30156201010018,67.30156201010018
486,92.7001258172967,99.72891579556959,103.91794701179458,0.0,0.0,46.0294252330132
487,108.06604551461751,108.77353421595457,109.12908892787806,66.28713641471943,79.91163724701678,91.14898679477731
488,105.66787961139812,107.03820691079555,108.18357198460802,88.68827110585602,89.85001570425135,99.04798418136473
489,100.05948206744816,107.53013898147982,108.72940792233445,101.69726422016019,105.67439511984428,107.48765580265992
490,105.65249719621023,108.25490172621987,108.83583818196013,35.15040784746307,85.53205147978477,99.45583193678364
491,103.49572186447487,107.03820691079555,108.62543075266971,95.19276766300811,103.91794701179458,105.66668015409678
492,104.28311478908627,107.65799077992925,108.84457637801994,87.59759599310934,100.09243364232687,106.4407560427097
493,99.77610043619794,105.47807696129507,107.134530421522,88.7018120237941,90.11388799222289,94.9126274104375
494,105.44812803031587,106.27915405124594,107.44876650659769,83.78134345276834,97.71642318111108,106.51685113785109
495,92.85340060381672,98.35624049822546,103.8590803926342,90.32960413081804,94.30705340850544,98.28450268619291
496,107.84885973475176,107.84885973475176,107.84885973475176,107.8512462500304,107.8512462500304,107.8512462500304
497,99.83807135977443,105.89147604872706,108.48337770885661,80.18761007548463,100.3880698251379,103.25153977517677
498,107.24603639113155,107.45386587146751,107.66169535180349,58.755704738439206,74.69289259361905,90.63008044879886
499,106.47660490672352,108.08899045880987,108.45213791401069,86.80473597200233,103.3769675152887,106.33335270174715
500,104.54176515155277,107.85536932747459,108.80229653214128,91.61006393856808,104.20448061861656,106.94822844890452
501,102.0135343956122,106.37145053880036,108.4053660489934,79.31054245876027,95.6971518270275,105.6545180817582
502,99.95284403966973,105.46236258767759,108.08899045880987,89.37573873772641,92.90544435851616,105.11333854028645
503,103.87871763827845,107.707116463358,108.73100066648877,83.66114179471195,103.1880199123908,104.89215557156288
504,103.83948826476228,107.03820691079555,108.80801701988432,84.60569489473569,92.72169404892945,104.30718297296488
505,104.99862594001542,107.87948431329764,108.33167621916985,83.87426101240523,86.48252127161464,96.10353335842905
506,105.11549733726886,108.02646687068204,108.75153731252304,87.63200376634704,103.83948826476228,107.68894683364344
507,105.68370813732977,107.44854030108424,108.57073118775646,93.81543762948476,103.33589760141884,105.02348722673298
508,106.12465537786396,108.362699568132,108.86202079634586,89.49896836507926,103.02751439810865,106.37275441532162
509,107.85512968667943,108.85730697122021,109.22026968948913,103.859213202614,106.63722900369707,107.83019213025366
510,103.91794701179458,108.08899045880987,108.65398431309322,89.86613772284046,101.4129626845463,105.86027742862936
511,98.09304427193874,103.89464922601923,104.96230712732559,74.51191550929461,87.02129612256603,91.33682909981482
512,103.91794701179458,107.85526076763728,108.903240295033,85.46771587033724,90.81705648188084,105.26955738925871
513,107.03820691079555,108.44151092421907,108.80918047215454,86.70911300106462,103.41424989336832,106.45544104036242
514,100.932701854365,107.85683110839159,108.56896674699726,101.94047647797098,105.26737124707752,107.0297075689142
515,102.00918280528435,103.91794701179458,108.32479262087824,85.94625166165872,91.47268588547472,105.23268772379544
516,99.87639340480075,105.15548962432895,108.8539824464642,86.36706169842148,94.24198412714365,104.87993473790242
517,104.53693751812712,107.03820691079555,108.53336702478396,58.67901574216608,86.34686387071217,103.62737745329832
518,107.03820691079555,108.62318271462924,109.0746185771762,87.07139804217856,104.35638756876013,106.54299101348688
519,103.91794701179458,107.73622334064021,109.0516052742567,86.72183741089876,102.83502041181113,106.05205020623457
520,105.03586582403587,107.03820691079555,108.11293428250455,84.63776355278966,89.11445706804254,103.85178953694314
521,99.9043386338457,107.03820691079555,108.65398431309322,67.91617303392488,89.89280062593734,105.11333854028645
522,104.54080896061872,107.03820691079555,109.19447053666313,87.25119339518227,100.33108920848645,104.14311536404776
523,104.77080269781206,107.86656496571092,108.47023268840569,67.86915344954964,88.50626987626042,103.11709369475214
524,103.91794701179458,107.03820691079555,108.87677399873068,86.55199854884411,90.84754955900014,105.48874252826916
525,102.57824241590359,107.03820691079555,108.5810394489929,83.77558823292709,89.75034246623603,105.21862849255169
526,106.12465537786396,108.90932127594877,109.34111882612085,102.76819910171271,104.12644194595578,106.71913928264804
527,103.83948826476228,107.03820691079555,108.1545829168275,33.64705205575522,65.71736561061401,87.62846390178792
528,91.55049072640858,105.43884758777894,107.287188182558,70.59998942360033,90.086298372624,101.87109412459776
529,103.91794701179458,108.25507006917492,108.65398431309322,64.68753474504632,72.96901264332482,88.68827110585602
530,103.93072724367693,107.88785821902631,109.49020306763805,81.34650046762115,105.64459020946688,107.24867441930157
531,107.03820691079555,108.61836028568057,109.20467706961745,67.758833592478,88.72750047937218,103.8822056183038
532,105.84647773603537,107.03820691079555,108.62051103488713,87.65786714290348,95.66721440548623,104.5908215349674
533,106.0298090743522,107.82577792322441,108.08899045880987,59.40331460150073,92.30925520553892,105.38154984837713
534,101.17303717875204,105.93591175339729,107.65930623410296,88.87861003706774,101.87159716346251,105.48172795871615
535,92.75788808234331,96.33004533652644,99.7924795014603,82.01011208557969,84.01833462556286,87.66876267954248
536,102.57824241590359,107.03820691079555,108.41001299170105,83.58200733037947,90.94257703519204,105.26737124707752
537,103.91794701179458,107.74853181594068,108.55807269352225,73.63357476279322,103.37764058162595,105.7511018814817
538,105.16796570497213,107.03820691079555,108.57709709339429,81.32095960310424,96.83483964138115,106.0608342899801
539,107.71110131638191,108.64370224967882,108.80801701988432,90.67684925818577,102.83895090148519,105.7961488918286
540,103.83948826476228,106.59455475005598,108.45549233616438,86.33950373525646,97.58672771554231,106.04649640853071
541,104.3705424732394,108.12922303905243,108.94725763564924,73.39540687478825,89.89735317357247,105.27570482140696
542,103.83948826476228,107.03820691079555,108.55440366618757,81.44592296857509,99.72891579556959,105.61621396933396
543,102.15782713295073,108.09538747391865,109.0568173304655,86.59224840605677,95.14656552862594,105.21455805703735
544,106.71507924747922,107.03820691079555,107.86877014129118,75.70747277216401,95.7423443276756,103.34706225828545
545,103.87871763827845,107.86898492176272,109.16897771741495,87.54092306381908,104.15156920846545,106.77540902480787
546,103.85910295152037,107.86300747415571,108.53052952221928,79.65800191427543,93.83246362076996,107.28284932431944
547,104.30281894278522,108.08899045880987,109.0686632656177,87.70950742543025,102.20304288392329,106.22043826705831
548,103.9046570038585,107.85072817248873,108.78223991870074,89.08772300990198,104.20118331178709,106.58396669306332
549,104.6104800101733,107.83381138418228,108.64728259279757,102.45184269109328,106.11851363983305,108.13834904434457
550,102.95333077570798,105.93591175339729,108.45042720891465,91.07634623185915,96.06525132416607,104.44665412813356
551,103.91794701179458,107.32013242275013,108.52124901533608,88.58624514733164,100.9857472681873,105.51880021544349
552,99.8501673504783,104.83361659599905,107.74316119438772,102.48911024096131,104.83361659599905,106.75339128179264
553,104.23991951208914,107.83103722197691,108.8259889116178,85.56020417451262,99.5163631702747,105.5671820002097
554,107.05790062766876,107.85664775055231,108.55306111355196,82.57921612401614,90.80656412014244,103.39509235110208
555,103.87871763827845,106.49219781271809,108.54628214025885,87.74294064977482,102.78255351192624,106.80007857089605
556,106.89386134268769,107.43956345997586,108.53650302724128,84.19543078868512,94.46709050007652,103.82495660332695
557,92.7001258172967,99.77443802990773,107.03820691079555,72.96201830315623,82.92826371569699,83.35674589323929
558,103.91794701179458,107.03820691079555,108.66917922893005,73.70599509045633,91.11946712831508,105.55203874192085
559,99.81366740342388,105.13660203851107,108.40347044219236,86.66022026671276,100.70296545830158,105.11333854028645
560,103.8691141609605,107.03820691079555,108.38207229010351,92.93117487748331,100.5334667146828,102.6673462423864
561,104.78392310845062,107.52750965616407,108.6989767103267,64.91017638196999,79.6253167467037,91.42046518389192
562,99.94690702465857,102.58748970235851,106.04345629770044,87.74393330010405,96.3766307073788,103.9216078299063
563,104.70937401105223,107.50516396799007,109.08491583040058,102.76470297156462,105.91465632530964,106.91850310115885
564,104.48370813790764,108.7561147286988,109.073454391576,102.95203007078972,105.43521423227214,108.06435742419208
565,92.93117487748331,99.9043386338457,102.15782713295073,66.26223698844747,80.85001281915152,88.13664446132425
566,102.11776756673315,107.03820691079555,108.65398431309322,81.44592296857509,91.12849186490222,104.65292981652432
567,105.53167730573358,107.87701007171259,108.67676978197504,86.76527460440103,90.82948840834491,103.20129328128115
568,99.85412868906536,107.03820691079555,109.01531384332527,84.88166319445611,103.83948826476228,107.66095037977936
569,105.87472110482966,108.33045137132368,109.10891756916376,90.3273446324722,104.3368161261972,106.42755694716206
570,103.91794701179458,107.03820691079555,108.57191228383745,83.0479976149768,99.66339513348062,106.23850380420406
571,86.34686387071217,90.88517714983715,105.2798760472257,73.53705394694973,86.69888643383524,103.61076313156823
572,99.84620601189128,103.91794701179458,108.45213791401069,86.23278368388142,99.97911557408271,104.6476705177718
573,108.20106519367205,108.57584299745258,109.15677460712071,90.57713127298985,102.46278333809168,107.15618770047516
574,103.87871763827845,107.03820691079555,108.45381512508754,86.09129985473923,101.97028647595418,105.11333854028645
575,99.84620601189128,103.91794701179458,104.00774359707249,85.67749991155733,86.41238453280113,90.93474394925114
576,102.14781224139631,104.32553068534722,105.8215469309078,92.42102823680885,101.91629108082232,105.3366355614794
577,99.81688345781086,104.43030486066463,107.82876516081181,80.02094518519948,91.57272806843015,104.86838206043558
578,106.2581419360453,108.2705641864103,108.98698331719702,87.2782027331362,102.24995122927427,106.8580608376426
579,99.67977529900287,99.9184630349717,104.70278601939913,39.03614926158596,66.71192238281759,85.01064504617662
580,101.05946481074976,107.03820691079555,108.52218633587214,79.42720818909234,92.7415444664888,104.66999409660595
581,103.91794701179458,107.86531233052187,108.76834553610972,87.81082134020504,103.85213802478926,107.41160211522221
582,102.83303304942768,106.05883778618409,108.49252167400115,81.75783738731441,90.21919531951622,99.25479589782148
583,104.6309991639372,107.46942566163996,108.70578174923479,78.85585224206662,91.33561024502205,106.12352190195764
584,104.21437818790008,108.05999640992165,108.75900098375558,83.16651281765013,93.14858890839442,105.72769738199881
585,95.90678530711223,105.68502423079056,107.53738760960384,78.54981116794468,102.36386251494015,105.57234394457564
586,104.85647614954945,107.86177935589899,109.55602946271269,85.74127016852921,89.23226997665432,90.95421513727516
587,102.15782713295073,105.27736416816656,107.03820691079555,72.2336918837429,88.3905792012503,90.77539443341007
588,103.87871763827845,106.44470008553606,107.24957459280718,43.546929877939654,86.35881044398323,97.69823392908528
589,100.75655891286777,104.20543965625664,105.10027142666156,42.49177421453297,64.98225458803208,79.6981125050723
590,106.78490675422432,108.58722388529651,109.00217984191997,87.49944266981385,91.66266062686992,98.4098100741148
591,103.8691141609605,106.50452704439459,107.92769048453304,86.39357502178213,89.82481910603325,104.72239815512816
592,99.62273520558749,101.75144169912144,106.23852724928724,67.9826181355448,77.45105746248015,85.19956310199537
593,101.05533558631019,107.03820691079555,108.68628529128573,89.27720441434823,105.11333854028645,107.3643032379252
594,99.86633094049759,104.83361659599905,107.45227312633385,59.813282719896954,87.92208427432806,98.375144415801
595,87.45415821362404,87.45415821362404,107.03820691079555,86.5061875599217,92.6891353562673,105.11333854028645
596,100.00616305355894,107.470287508996,108.9771791370751,70.73531455345255,86.641755300617,104.17584521020531
597,103.01726222404994,107.64944713183979,108.33935877461954,82.57915448239835,103.70642215124492,106.34344777390407
598,104.63743975522631,108.40827119178202,109.55329211403006,101.62657098543356,105.11333854028645,108.25479153196379
599,103.47791704208363,104.33144536472612,107.74462491072069,89.43627770896343,90.99742812467487,104.75882890504023
600,103.98275515248163,106.3758579826816,107.6548260151677,84.05968782522994,88.17936256925087,103.35838818198292
601,92.86869319474786,106.66394956379459,107.86396067655159,66.13175987271377,88.68827110585602,101.21519358428776
602,102.15782713295073,105.92229470818113,108.09058971258708,84.12777937585456,99.80072522309334,104.80919793602676
603,103.85910295152037,107.03820691079555,108.76950884318656,88.80608327274427,103.23856771712757,107.49714742938455
604,101.53822149371256,105.81096909469125,108.25533177916672,85.89071855344345,88.88733708492943,104.71872611257915
605,101.64330333087824,104.6876908737759,108.74906019672191,86.45477020562087,101.35027336031628,106.4034915480235
606,103.93226022276501,107.46573141030565,108.48354182048679,101.77268885907827,103.79845182677514,106.77522802418149
607,107.23423106388378,107.88277952757512,108.3249173185085,76.5163950187412,103.5314647902646,105.67655420947449
608,104.55573892132868,107.43932340714184,108.45299187942958,80.11379681088836,89.38913702082523,95.52109042000528
609,104.6309991639372,108.2518293328503,109.08416441650007,88.74711516613024,96.11026539813005,106.40673212119451
610,99.72891579556959,107.03820691079555,108.52753814355205,68.56418472251809,89.03897074965825,102.49280241109841
611,103.90806525703766,106.61025159429485,108.08899045880987,86.42628109612767,100.73491972230148,106.21231804684109
612,104.81904570467738,107.20419442530384,108.51355450553913,81.38055705796292,103.64619442750723,106.048127625324
613,99.95284403966973,105.8730123227012,108.02786563519524,86.57725073602937,89.4067815928084,98.97324300354795
614,106.26620835798563,108.74064314543736,109.54014103390999,89.74235129626732,103.91794701179458,108.31361059402492
615,105.53167730573358,107.03820691079555,109.138580398909,88.68827110585602,107.38648230521136,107.55292206429772
616,103.40905809025499,107.964715181149,108.71233822547413,87.07742462941137,103.47145185696813,106.96622082912027
617,107.03820691079555,108.71241051700292,109.21409804275193,90.33882418369402,103.97357152996555,106.98428378670329
618,103.91794701179458,106.4776622091353,108.8373021001426,86.39357502178213,91.28757002905077,104.21736243359872
619,99.9043386338457,107.44446754164213,108.54196869138077,75.14028952159669,92.81565034739,105.809270160623
620,102.12778245828754,107.03820691079555,108.43620385437994,76.5164835906304,100.13498256354772,104.6332394149552
621,102.15782713295073,104.76777417184928,107.03820691079555,81.32095960310424,96.83483964138115,105.01010583451419
622,108.07778026328623,108.73321130563721,108.92352762773892,85.29887673670835,101.72002883498035,102.4332970018427
623,99.9043386338457,107.03820691079555,108.57458890151086,71.6518537417953,93.0170428358878,106.60192879785481
624,104.5404982291231,108.45213791401069,108.87545167823211,89.29053586589669,99.09539281621984,107.38737486428721
625,106.37470661918115,107.03820691079555,108.28170845822136,88.68827110585602,101.03860914353916,106.38128161515091
626,105.25473984155808,107.88376741165216,108.74900018935269,86.87768407153578,90.79539382920477,96.8802976216882
627,95.50458111592114,103.93203876307531,104.99162473651572,76.93766176952738,104.43086919723578,106.79542426133585
628,102.83303304942768,106.80662915428309,108.08899045880987,87.69275668528842,91.07464009777675,107.00408087171776
629,99.81366740342388,107.03820691079555,108.39152176640793,84.11013545716202,99.28828389218666,105.35736432918512
630,105.07152644531931,107.23085393224846,108.28681691455849,86.80358642699545,91.74744299942519,103.38468186660565
631,101.86928864405056,104.00966149253155,106.15003434101251,62.796631742807776,65.17835229150913,67.56007284021047
632,99.93977488299316,102.97862791574772,107.98536026397652,98.1552593531475,102.53328278090855,107.19265364896036
633,103.83948826476228,104.73311435889988,107.85683110839159,99.77443802990773,102.19163871541096,107.31407512944672
634,90.13962369819578,92.82508918276753,100.96754559497707,83.69761894059766,90.04683333272847,99.66306103734615
635,107.03820691079555,107.88293967159893,108.73395505321945,34.073092475692526,43.75560684510896,61.22827341423437
636,99.94871626536406,102.15782713295073,105.32321638003894,80.97700901529177,85.59139816187027,98.17007415148407
637,105.77869655932608,108.40072128487564,109.01599369838912,91.95542113108999,100.727029835388,103.88531769557152
638,99.85412868906536,104.83361659599905,107.85072817248873,81.55200866329089,89.19575652820114,103.91794701179458
639,103.85910295152037,107.50715540133491,108.79086859297436,88.04424037966027,103.25589029438292,107.44918979449206
640,92.76732691772085,107.94870794971577,108.80870983275972,74.12840695353609,103.7620025725547,106.26957337120056
641,104.0601318587403,107.72531051464719,108.53841413529771,85.98527051617937,103.80505886509415,107.6184604651655
642,102.14781224139631,107.03820691079555,108.59258882560772,81.64896795043241,91.81027560890907,104.40634174581652
643,101.53886058664835,104.43396869649824,107.37072587452927,88.12857374799326,99.92216045615088,105.40737359010416
644,92.93117487748331,105.93591175339729,108.2335289583685,86.99290765234785,90.06641880615338,104.81449065816345
645,105.74901134438423,108.48060879542943,109.07708482408114,80.56118252574912,99.08415136783807,105.37179748697979
646,102.15782713295073,107.9510209426556,108.57580089100507,78.4467844844025,89.91412150274574,106.79939091522684
647,103.83948826476228,107.03820691079555,108.47784254706447,82.82464191131211,91.29649016930234,105.1637387117963
648,100.70741841630104,106.26884895747915,108.7787976449329,69.70395175725909,89.70071721784616,97.53846943916193
649,103.91794701179458,103.91794701179458,103.91794701179458,64.62086136827395,64.62086136827395,64.62086136827395
650,103.83948826476228,107.03820691079555,108.39867703731646,88.81585713914217,104.48863563602731,106.31537609535684
651,102.91454491730735,105.26977692946473,107.90066568674419,73.25124908222908,85.49186096398397,105.0973941424905
652,100.82012261875849,106.8182226579483,107.87279384279756,79.87205153459229,88.95822937596954,103.65372399085057
653,108.12797887190916,108.80801701988432,109.18023251836507,91.42275118569508,103.48763448233014,105.03471852650654
654,99.81032202089949,107.03820691079555,108.24380954239936,85.47318759603334,99.78429685142176,105.25490656204515
655,103.91794701179458,107.44046299381023,108.69497794630101,72.95152149761206,86.46686396330446,102.8820509082993
656,99.93644505291158,107.03820691079555,108.2452676998513,67.98569698842437,88.63617969741598,103.82474395906219
657,102.14781224139631,107.03820691079555,108.65398431309322,76.7492842077062,95.27318113404615,104.82027165929381
658,103.91794701179458,103.91794701179458,103.91794701179458,86.43726919101553,86.43726919101553,86.43726919101553
659,103.83948826476228,107.03820691079555,108.82161364704595,83.98425292920484,90.03514759639906,105.38569543471279
660,105.45233093397471,107.86209040714412,108.57191228383745,86.59395544317779,91.68075694171786,103.5139476114983
661,103.8691141609605,107.8074001738845,108.57709709339429,66.73900593607517,77.34840454846685,90.75940609712113
662,104.91214645614349,108.29503776260616,108.75991247139028,88.66222540163601,92.16545449532083,103.73081637053184
663,99.9043386338457,105.15539616876478,108.09538747391865,68.09026903353038,86.43578980965559,103.10695407739655
664,102.79546498194185,105.90631516683844,107.98102971319763,86.84280560770686,96.7663734785876,105.10562901338498
665,105.47807696129507,107.03820691079555,108.23890507221772,41.67931894808896,42.81851688325937,67.14132892369065
666,105.2664236995197,107.57771263275343,108.48841649839778,100.84311993262686,105.37757700652841,106.94618461339334
667,100.00969093952381,104.97003303434514,108.49057427820871,74.97597180576128,96.21452080643313,103.96868359175551
668,103.91794701179458,107.03820691079555,108.42780417810154,67.03184650284777,81.36506097801055,89.13101555621094
669,101.61325865621508,106.08344540602856,107.24171202122864,67.9886818064121,77.47834381703947,92.79426989565495
670,103.424515178235,107.85107435115162,108.8301267994755,68.67202286420866,87.52837748710016,96.91246641464323
671,104.03507831097824,107.03820691079555,107.8745674213314,89.6242471814772,97.71014255922229,105.20650169130155
672,99.85412868906536,107.03820691079555,108.64600662311828,81.55200866329089,90.31580772897205,104.96725417682572
673,95.7020487966242,107.7411317837594,108.57404894630041,87.16723297649858,95.18023514146027,107.35048256522312
674,108.12357616607859,108.40827119178202,108.64339043952721,71.95725020838333,85.08405404425213,99.55319408148308
675,100.98594812789922,105.48979843453262,108.67222230329546,81.38344128583967,91.0092629606246,105.0917419638801
676,103.83948826476228,107.86864304047856,108.80888040959469,90.84090834754628,101.52224155009037,107.5464972532722
677,103.4190729818094,108.51215217348906,109.6529621012146,85.99426828676759,97.54522831256791,106.58016048078913
678,105.53663339740595,107.4768199675906,108.24988372794651,88.40945440216456,91.46466513986802,107.25840754526179
679,99.91804988060828,104.0599528959204,106.93355628777556,82.48271942085917,95.05145315455485,102.13762792809945
680,103.83948826476228,108.59420515803316,109.22901919069835,95.77678882723505,104.38644480922031,105.59543491323984
681,103.91794701179458,107.03820691079555,107.03820691079555,67.81832170903822,81.6995697149808,88.68827110585602
682,102.84314837083805,104.26854593403002,107.03820691079555,86.47066827609397,89.20363407580095,104.000193181169
683,103.9853528064155,107.03820691079555,108.08899045880987,87.6768829060953,101.27226739118794,105.38495860242377
684,103.94424697578384,107.03820691079555,108.02922398766722,89.5773162236265,102.95883360258354,107.4530426961712
685,101.84050869450917,103.91794701179458,103.91794701179458,74.52478334406248,86.28699692107227,86.5061875599217
0,103.91794701179458,106.36631195166456,107.87701007171259,82.81382887696425,91.39504668505548,101.86772702828371
1,107.03820691079557,107.03820691079557,107.03820691079557,67.81832170903822,88.68827110585602,89.72680746276842
2,103.91794701179458,107.12007869265328,107.88094038235242,83.01383289490408,91.42804640830647,103.58780636957886
3,104.34286059182193,107.7962604501656,108.39144482203065,86.34311282765174,96.89234460721872,104.57728159419862
4,104.2439478329544,107.7962604501656,108.3812355443088,86.44088818495237,96.89234460721872,104.7561066625494
5,103.91794701179458,106.3484404365382,107.99303298157949,84.35475076238305,94.2489288113108,104.5383629497212
6,103.91794701179458,106.78307387688318,107.87701007171259,83.4115671905306,90.82596274839452,103.09660400153602
7,104.76777417184928,107.7962604501656,108.4521379140107,82.7309092280307,91.35091771764769,103.64156615423639
8,103.91794701179458,106.27962015754679,107.87701007171259,77.66637909465092,91.35091771764769,103.70356956242775
9,103.91794701179458,107.03820691079557,107.889171357754,80.59418927453531,90.04683333272845,102.72116482634208
10,103.91794701179458,106.3484404365382,108.39685022840354,84.17934004463179,91.37298220135159,102.39985553683113
11,92.82508918276751,92.82508918276751,106.24946447696976,63.42829731242472,74.38634976620091,103.84207772954223
12,103.91794701179458,107.7962604501656,108.72940792233445,82.81382887696425,91.46104613155745,104.54159724049575
13,87.45415821362403,104.27374596986144,108.65398431309322,90.04683333272845,102.96988050774688,104.72239815512816
14,103.91794701179458,106.4513719086233,108.08899045880987,73.10848914561345,90.35489874631065,104.29720978113855
15,104.34286059182193,107.7962604501656,108.4521379140107,82.81382887696425,91.46104613155745,104.45946459854963
16,107.03820691079557,107.03820691079557,107.03820691079557,88.68827110585602,88.68827110585602,88.68827110585602
17,103.91794701179458,107.03820691079557,108.08899045880987,81.55200866329089,91.52084554644766,104.65932361415159
18,102.09312509925954,106.25062007799221,107.24133722621886,82.30863033621993,101.0651928674047,104.76885671658717
19,104.23110569976622,107.81822798936966,108.71163491770471,84.35475076238305,92.46942136189823,104.61295295058713
20,103.91794701179458,107.7962604501656,108.72940792233445,83.6092974682173,91.60551301540289,104.7561066625494
21,103.91794701179458,107.34004887391988,108.08899045880987,83.01383289490408,91.49094583900256,103.96120736423039
22,103.91794701179458,107.7962604501656,108.3580911066432,85.40472897876008,91.60551301540289,104.658544739618
23,103.91794701179458,107.03820691079557,107.8875003423685,82.81382887696425,91.22899410200138,102.72116482634208
24,104.68511850500528,104.78336547744946,104.78336547744946,81.16177668397779,88.14120074382737,97.83288063091533
25,101.75086208321113,106.42838231532957,108.331832285894,75.64138502554638,89.6297894974349,101.21154746652333
26,103.91794701179458,107.03820691079557,107.87701007171259,82.81382887696425,89.66139497707582,101.86772702828371
27,102.87068920773834,107.03820691079557,107.03820691079557,75.57901067208371,88.68827110585602,89.45525877627816
28,103.91794701179458,107.7962604501656,107.88487069299224,82.81382887696425,91.35091771764769,103.92652147996006
29,103.91794701179458,107.61814777783518,108.37842927645117,81.88944090954757,91.35091771764769,104.29720978113855
30,104.0231468677516,107.7962604501656,108.59244987071584,72.91893734821726,89.36954353262952,99.66339513348062
31,103.91794701179458,107.03820691079557,108.43139196106188,72.15081520803682,89.36954353262952,102.39778723043723
32,103.91794701179458,107.03820691079557,108.33296438576117,86.29265063352132,98.67660732783942,104.75446471016387
33,105.25473984155809,107.88376741165217,108.74900018935267,86.87768407153578,90.79539382920477,96.88029762168821
34,103.91794701179458,104.76777417184928,107.87701007171259,77.65725218151394,89.66139497707582,103.26612595026799
35,104.76777417184928,107.87701007171259,108.86460210300942,86.45790676713928,98.67660732783942,105.70125835245126
36,106.57312713763318,107.03820691079557,107.03820691079557,67.81832170903822,78.10846594432343,88.68827110585602
37,103.91794701179458,106.70225943123006,108.24175115855037,82.61382485902442,91.34139532934617,101.7555570540276
38,104.68901633140533,104.78336547744946,105.7314999441912,85.39763342018725,88.42475081639608,92.88611646786612
39,104.13040380180826,107.7962604501656,108.24175115855037,82.61382485902442,91.42804640830647,103.81933275527663
40,107.03820691079557,107.03820691079557,107.03820691079557,103.91794701179458,103.91794701179458,103.91794701179458
41,103.91794701179458,107.7410565975172,108.09538747391865,86.20853817403996,96.89234460721872,104.65932361415159
42,103.91794701179458,106.30509453947931,107.87701007171259,72.87227942561307,90.44519453953859,101.81644730444847
43,103.91794701179458,107.7962604501656,108.35002599269878,82.81382887696425,91.39504668505548,103.69499509426228
44,94.4573233118649,101.8234314036821,106.25814193604532,71.82086581663577,81.86607096796831,88.08471803842424
45,103.91794701179458,103.91794701179458,103.91794701179458,67.95683296181801,79.7333292418894,90.96858392552333
46,103.91794701179458,107.03820691079557,107.88928014643793,84.35475076238305,91.49094583900256,104.21130349392142
47,96.15465385679322,99.60918189628977,103.47127277232062,64.46017575566256,81.44592296857509,88.662225401636
48,103.91794701179458,106.70225943123006,107.88094038235242,83.01383289490408,91.42804640830647,104.11615286463203
49,104.76777417184928,107.874784130892,108.72940792233445,85.2991740687723,96.89234460721872,105.71876338832006
50,103.91794701179458,106.70225943123006,107.87701007171259,83.80702774590401,91.37298220135159,103.25344183250108
51,103.91794701179458,107.37311183044861,107.87701007171259,83.80702774590401,90.5054921545485,102.2941886398468
52,104.76777417184928,107.87701007171259,108.75624116047621,86.39357502178214,99.47630360405714,105.70125835245126
53,103.91794701179458,107.25751343919308,107.94179610040638,83.03257739972472,91.49094583900256,105.27704845005451
54,103.91794701179458,106.33056892141182,107.87701007171259,83.6092974682173,91.39504668505548,103.70356956242775
55,103.91794701179458,106.70225943123006,108.42862621216884,71.76578329250137,90.3154991856259,101.69456026363618
56,103.91794701179458,107.08128620091509,107.88094038235242,83.80702774590401,91.3758379548502,101.81644730444847
57,103.83948826476228,103.91794701179458,103.91794701179458,67.98569698842437,86.43726919101553,91.40586689235971
58,103.91794701179458,107.7962604501656,108.00907126236471,83.01383289490408,91.49094583900256,104.2433808560571
59,103.91794701179458,107.7962604501656,108.29262149382585,83.21383691284392,91.46104613155745,104.65932361415159
60,103.91794701179458,107.7962604501656,107.89273131427188,84.00475802359071,91.52084554644766,104.65932361415159
61,99.90433863384567,99.93258743609765,106.81279377012133,67.93187101642462,87.56383676496489,100.92254769751403
62,104.76777417184928,107.83917973172086,108.72940792233445,85.57169814287451,91.49094583900256,105.1029398324238
63,92.38186873314926,92.38186873314926,103.27395000032794,71.35690224412517,88.10000823119043,98.05119850534223
64,103.91794701179458,107.03820691079557,108.34247496587784,83.08945743944358,94.2489288113108,105.22886307037976
65,103.91794701179458,106.33056892141182,108.12541121045754,83.6092974682173,91.39504668505548,104.29720978113855
66,103.91794701179458,106.70225943123006,107.88094038235242,75.0454161641606,90.44519453953859,101.81644730444847
67,103.91794701179458,107.03820691079557,108.12541121045754,77.83580596344078,91.35091771764769,102.72116482634208
68,103.91794701179458,106.27962015754679,107.87701007171259,80.8936022730007,90.42906802290483,101.58114529859266
69,104.02599122534863,107.03820691079557,107.03820691079557,67.78736534485259,78.04577861591716,88.68827110585602
70,103.91794701179458,106.961446183243,107.87701007171259,80.06771295400425,91.28995590982453,101.81644730444847
71,92.82508918276751,92.82508918276751,106.4576763454275,63.42829731242472,82.692899229154,103.86687134586019
72,103.91794701179458,107.77189063128753,107.94179610040638,82.67435464680798,91.37298220135159,101.81644730444847
73,103.91794701179458,106.3484404365382,107.88880100363207,78.45504306699954,91.37298220135159,103.630280015737
74,103.91794701179458,107.7962604501656,108.67284021540351,83.9750621698795,91.08039276585225,104.07488142416184
75,103.91794701179458,107.7962604501656,108.60587557453675,86.30073702372458,99.47630360405714,105.69037010315947
76,94.4573233118649,101.8234314036821,106.25814193604532,71.82086581663577,81.86607096796831,88.08471803842424
77,103.91794701179458,107.7962604501656,107.88094038235242,83.80702774590401,91.28995590982453,102.34572565114813
78,103.91794701179458,107.03820691079557,107.87701007171259,72.91893734821726,91.04316904697419,101.39712301657208
79,104.34286059182193,107.7962604501656,107.8875003423685,82.81382887696425,91.39504668505548,103.70356956242775
80,103.91794701179458,107.7962604501656,107.89273131427188,82.41382084108459,91.39504668505548,103.47204317672997
81,107.03820691079557,108.4521379140107,108.65398431309322,87.53251483407034,90.8409083475463,104.65954744086807
82,104.60731549750768,107.37018193981214,108.08899045880987,84.00475802359071,91.22899410200138,104.65932361415159
83,90.07714201546034,99.72891579556959,105.47807696129507,73.69993824435974,86.27405883612893,96.90080482307123
84,103.91794701179458,107.7962604501656,108.47547817831185,79.43731082976,89.66139497707582,103.78270170040592
85,103.91794701179458,107.7962604501656,108.29081594468487,83.4115671905306,94.2489288113108,104.63734157431159
86,105.69416538840318,107.03820691079557,108.528361729988,67.86724737148154,88.68827110585602,95.21687273099528
87,103.91794701179458,107.48572609132493,108.38167683711316,83.6092974682173,91.71064658456194,104.29720978113855
88,103.91794701179458,107.7962604501656,108.5335797378816,82.41382084108459,91.22899410200138,101.76516758061324
89,103.91794701179458,106.3484404365382,108.09058971258708,81.14746676793015,91.34502011677941,104.10292019102336
90,103.91794701179458,106.3337375412624,107.88094038235242,81.17488640576536,91.28995590982453,101.81644730444847
91,103.91794701179458,107.7962604501656,107.87701007171259,82.81382887696425,91.46104613155745,103.0000637786602
92,103.91794701179458,106.39807502441981,107.87701007171259,83.80702774590401,91.37298220135159,103.66366174612384
93,103.91794701179458,107.03820691079557,108.00907126236471,83.80702774590401,91.56317928092528,103.58351913549612
94,92.38186873314926,92.70012581729667,103.94613051435606,63.460500987760994,77.24480704425079,91.12154583614858
95,92.70012581729667,99.72891579556959,108.08899045880987,65.45985052356413,86.68426498379831,102.98776752361296
96,103.91794701179458,107.7843532697715,107.88880100363207,84.35475076238305,91.42804640830647,103.81933275527663
97,107.03820691079557,107.03820691079557,107.03820691079557,67.81832170903822,88.68827110585602,94.41568525653459
98,103.91794701179458,107.03820691079557,107.88487069299224,84.70474350117539,91.39504668505548,103.70356956242775
99,94.4573233118649,101.8234314036821,106.25814193604532,71.82086581663577,81.86607096796831,88.08471803842424
100,103.91794701179458,107.7962604501656,108.5342710305668,82.61382485902442,91.42804640830647,104.47575926870476
101,102.05411614990366,102.05411614990366,103.50928314515075,86.27321041094277,89.39822506289102,94.15192283283741
102,101.571787200569,103.87871763827843,106.57312713763318,67.9128968043922,81.43648413319757,89.38375298882123
103,103.91794701179458,107.84228338346881,108.46493253684041,86.39357502178214,98.42672265108568,104.85288971094721
104,103.91794701179458,107.03820691079557,108.08899045880987,74.12457435470401,91.22899410200138,104.65932361415159
105,103.91794701179458,107.7962604501656,108.72940792233445,85.40472897876008,96.89234460721872,105.71876338832006
106,103.91794701179458,107.07008667125584,107.88094038235242,81.35403563428397,91.28995590982453,101.81644730444847
107,103.98620025007492,107.03820691079557,107.88487069299224,83.6092974682173,91.52084554644766,104.64801724613716
108,107.03820691079557,107.03820691079557,107.03820691079557,72.12698557422993,88.68827110585602,90.76075413768473
109,104.76777417184928,107.03820691079557,108.02646687068203,83.21383691284392,91.60551301540289,104.45274794383485
110,103.91794701179458,107.03820691079557,107.87701007171259,83.01383289490408,91.28995590982453,102.34572565114813
111,103.91794701179458,107.03820691079557,108.08899045880987,72.91893734821726,89.66139497707582,101.76516758061324
112,96.15465385679322,99.60918189628977,104.34286059182193,64.43812506820942,77.24480704425079,88.20746032365648
113,103.91794701179458,107.7962604501656,108.4521379140107,83.80702774590401,91.42804640830647,103.50159327525887
114,92.77969008833352,105.47169943938974,107.67298428808465,74.35627611923911,94.05649111292217,105.60129339302472
115,103.91794701179458,107.7962604501656,107.88094038235242,83.01383289490408,91.49094583900256,104.11615286463203
116,103.91794701179458,107.19139779889097,107.88880100363207,84.35475076238305,91.42804640830647,104.47826669764507
117,103.91794701179458,107.7877092233727,108.3580911066432,82.65117588672213,90.92501574792288,101.97028647595418
118,103.91794701179458,106.36631195166456,108.3580911066432,82.41382084108459,91.52084554644766,104.65932361415159
119,94.4573233118649,101.8234314036821,106.25814193604532,71.82086581663577,81.86607096796831,88.08471803842424
120,96.21452080643313,99.72891579556959,105.47807696129507,73.69993824435974,81.36506097801055,87.48116497099247
121,96.21452080643313,103.91794701179458,107.03820691079557,68.85941997285126,77.4580830998077,87.48116497099247
122,103.91794701179458,107.7962604501656,107.89273131427188,83.21383691284392,91.39504668505548,104.65932361415159
123,106.88318031974143,107.88226937046511,107.88226937046511,86.55371310650227,90.12360802188921,91.94772300724252
124,103.98508161043321,107.7962604501656,108.61294829846534,85.80663357640002,92.87153447092399,105.35328040078215
125,103.91794701179458,107.80756591961884,108.67284021540351,73.14093330529218,91.28995590982453,103.58780636957886
126,103.91794701179458,106.3484404365382,107.87701007171259,82.16712695526844,91.28995590982453,101.97354234561277
127,103.91794701179458,107.37908806354649,107.88487069299224,83.6092974682173,91.35091771764769,103.32229434547159
128,103.91794701179458,107.7962604501656,107.99154283298246,80.04009996786775,91.37298220135159,102.34572565114813
129,103.91794701179458,107.7962604501656,108.52576697098368,83.85302165513913,91.46104613155745,103.47204317672997
130,103.91794701179458,106.27962015754679,107.87701007171259,82.53249836390336,91.35091771764769,102.2387788919522
